[INFO] [UHD] linux; GNU C++ version 15.2.0; Boost_109000; UHD_4.9.0.1-1ubuntu1
[INFO] [B200] Detected Device: B206mini
[INFO] [B200] Operating over USB 3.
[INFO] [B200] Initialize CODEC control...
[INFO] [B200] Initialize Radio control...
[INFO] [B200] Performing register loopback test... 
[INFO] [B200] Register loopback test passed
[INFO] [B200] Setting master clock rate selection to 'automatic'.
[INFO] [B200] Asking for clock rate 16.000000 MHz... 
[INFO] [B200] Actually got clock rate 16.000000 MHz.
OURS: UserFreqs(center=912064400.0, f0=-2400.0, f1=2400.0)
THEIRS: UserFreqs(center=912035600.0, f0=-2400.0, f1=2400.0)
RX GAIN: 40
TX GAIN: 40
SAMPLE RATE: 240000.0 (fs/2 == 120000.0)
SYMBOL RATE: 2400
FREQ SEP: 4800
BANDWIDTH: 9600
CUTOFF: 5000.0
[INFO] [B200] Asking for clock rate 61.440000 MHz... 
[INFO] [B200] Actually got clock rate 61.440000 MHz.
[RX] Starting
RECEIVE FRAME EXP DATA: b'0100110001101111011100100110010101101101001000000110100101110000011100110111010101101101001000000110010001101111011011000110111101110010001000000111001101101001011101000010000001100001011011010110010101110100001011000010000001011111010111110101111100111111' (debug is True)
BUFFER THRESHOLD: 100000 (CONTROL: 100000)
EXP3D: Stateful Symbol Timing - Stateful M&M (gain_mu matches legacy default value)
[MM] Starting Values: samples_per_symbol=100.0000 interp=None gain_mu=0.3000 gain_omega=0.0225 omega_relative_limit=0.0050
[MM] mu=0.0000 omega=100.0000 (nominal=100.0000, clip=±0.50%) residual_len=0
You have 5 seconds to start the other user!
/home/hark/Repos/gallant-input/gallant_input/synch/mueller_muller.py:71: ComplexWarning: Casting complex values to real discards the imaginary part
  return numpy.asarray(out, dtype=chunk.dtype)
[MM] mu=0.2032 omega=99.8884 (nominal=100.0000, clip=±0.50%) residual_len=0
[MM] mu=0.5227 omega=99.7196 (nominal=100.0000, clip=±0.50%) residual_len=0
[MM] mu=0.3940 omega=99.6837 (nominal=100.0000, clip=±0.50%) residual_len=0
[MM] mu=0.1319 omega=99.6702 (nominal=100.0000, clip=±0.50%) residual_len=0
[MM] mu=0.4135 omega=99.7438 (nominal=100.0000, clip=±0.50%) residual_len=0
[MM] mu=0.8104 omega=99.7909 (nominal=100.0000, clip=±0.50%) residual_len=10
[MM] mu=0.1424 omega=99.8258 (nominal=100.0000, clip=±0.50%) residual_len=0
[MM] mu=0.5100 omega=99.7420 (nominal=100.0000, clip=±0.50%) residual_len=0
[MM] mu=0.3451 omega=99.7505 (nominal=100.0000, clip=±0.50%) residual_len=0
[MM] mu=0.0556 omega=99.8849 (nominal=100.0000, clip=±0.50%) residual_len=0
[MM] mu=0.0297 omega=99.9046 (nominal=100.0000, clip=±0.50%) residual_len=7
[MM] mu=0.9500 omega=99.8708 (nominal=100.0000, clip=±0.50%) residual_len=0
[MM] mu=0.4599 omega=99.7762 (nominal=100.0000, clip=±0.50%) residual_len=0
[MM] mu=0.5903 omega=99.8524 (nominal=100.0000, clip=±0.50%) residual_len=0
[RX] SYNCWORD BER: 0.0
/home/hark/Repos/gallant-input/gallant_input/synch/mueller_muller.py:71: ComplexWarning: Casting complex values to real discards the imaginary part
  return numpy.asarray(out, dtype=chunk.dtype)
[MM] mu=0.4988 omega=99.8238 (nominal=100.0000, clip=±0.50%) residual_len=0
[RX] DATA BER: 0.0
[RX] Dropping failed checksum
[TX] Sending - Lorem ipsum dolor sit amet, ___?
/home/hark/Repos/gallant-input/gallant_input/synch/mueller_muller.py:71: ComplexWarning: Casting complex values to real discards the imaginary part
  return numpy.asarray(out, dtype=chunk.dtype)
[MM] mu=0.3830 omega=99.6193 (nominal=100.0000, clip=±0.50%) residual_len=0
[MM] mu=0.9364 omega=99.6580 (nominal=100.0000, clip=±0.50%) residual_len=0
[MM] mu=0.7011 omega=99.5338 (nominal=100.0000, clip=±0.50%) residual_len=12
[MM] mu=0.5090 omega=99.5357 (nominal=100.0000, clip=±0.50%) residual_len=0
[RX] SYNCWORD BER: 0.0
[RX] DATA BER: 0.27734375
[RX] Dropping failed checksum
/home/hark/Repos/gallant-input/gallant_input/synch/mueller_muller.py:71: ComplexWarning: Casting complex values to real discards the imaginary part
  return numpy.asarray(out, dtype=chunk.dtype)
[MM] mu=0.7648 omega=99.5506 (nominal=100.0000, clip=±0.50%) residual_len=0
[TX] Sending - Lorem ipsum dolor sit amet, ___?
[MM] mu=0.5440 omega=99.6276 (nominal=100.0000, clip=±0.50%) residual_len=0
[MM] mu=0.6924 omega=99.5862 (nominal=100.0000, clip=±0.50%) residual_len=0
[MM] mu=0.1315 omega=99.5372 (nominal=100.0000, clip=±0.50%) residual_len=0
[RX] SYNCWORD BER: 0.53125
[RX] SYNCWORD BER: 0.625
[RX] SYNCWORD BER: 0.0625
[RX] SYNCWORD BER: 0.5625
/home/hark/Repos/gallant-input/gallant_input/synch/mueller_muller.py:71: ComplexWarning: Casting complex values to real discards the imaginary part
  return numpy.asarray(out, dtype=chunk.dtype)
[MM] mu=0.3604 omega=99.5000 (nominal=100.0000, clip=±0.50%) residual_len=0
[TX] Sending - Lorem ipsum dolor sit amet, ___?
[MM] mu=0.2566 omega=99.5167 (nominal=100.0000, clip=±0.50%) residual_len=0
[MM] mu=0.9406 omega=99.5778 (nominal=100.0000, clip=±0.50%) residual_len=0
[MM] mu=0.3994 omega=99.7940 (nominal=100.0000, clip=±0.50%) residual_len=4
[MM] mu=0.9656 omega=99.7103 (nominal=100.0000, clip=±0.50%) residual_len=0
[RX] SYNCWORD BER: 0.0
/home/hark/Repos/gallant-input/gallant_input/synch/mueller_muller.py:71: ComplexWarning: Casting complex values to real discards the imaginary part
  return numpy.asarray(out, dtype=chunk.dtype)
[MM] mu=0.0219 omega=99.6107 (nominal=100.0000, clip=±0.50%) residual_len=0
[RX] DATA BER: 0.21484375
[RX] Dropping failed checksum
[TX] Sending - Lorem ipsum dolor sit amet, ___?
/home/hark/Repos/gallant-input/gallant_input/synch/mueller_muller.py:71: ComplexWarning: Casting complex values to real discards the imaginary part
  return numpy.asarray(out, dtype=chunk.dtype)
[MM] mu=0.4723 omega=99.6436 (nominal=100.0000, clip=±0.50%) residual_len=0
[MM] mu=0.1144 omega=100.1345 (nominal=100.0000, clip=±0.50%) residual_len=0
[MM] mu=0.2804 omega=99.9906 (nominal=100.0000, clip=±0.50%) residual_len=0
[MM] mu=0.6340 omega=100.0285 (nominal=100.0000, clip=±0.50%) residual_len=0
[RX] SYNCWORD BER: 0.0
/home/hark/Repos/gallant-input/gallant_input/synch/mueller_muller.py:71: ComplexWarning: Casting complex values to real discards the imaginary part
  return numpy.asarray(out, dtype=chunk.dtype)
[MM] mu=0.2887 omega=99.9889 (nominal=100.0000, clip=±0.50%) residual_len=0
[RX] DATA BER: 0.0

[RX] Received: Lorem ipsum dolor sit amet, ___?

[TX] Sending - Lorem ipsum dolor sit amet, ___?
/home/hark/Repos/gallant-input/gallant_input/synch/mueller_muller.py:71: ComplexWarning: Casting complex values to real discards the imaginary part
  return numpy.asarray(out, dtype=chunk.dtype)
[MM] mu=0.4816 omega=100.0216 (nominal=100.0000, clip=±0.50%) residual_len=0
[MM] mu=0.4069 omega=99.7656 (nominal=100.0000, clip=±0.50%) residual_len=0
[MM] mu=0.9919 omega=99.8114 (nominal=100.0000, clip=±0.50%) residual_len=0
[RX] SYNCWORD BER: 0.0
/home/hark/Repos/gallant-input/gallant_input/synch/mueller_muller.py:71: ComplexWarning: Casting complex values to real discards the imaginary part
  return numpy.asarray(out, dtype=chunk.dtype)
[MM] mu=0.6659 omega=99.8298 (nominal=100.0000, clip=±0.50%) residual_len=7
[RX] DATA BER: 0.0
[RX] Dropping failed checksum
/home/hark/Repos/gallant-input/gallant_input/synch/mueller_muller.py:71: ComplexWarning: Casting complex values to real discards the imaginary part
  return numpy.asarray(out, dtype=chunk.dtype)
[MM] mu=0.4224 omega=99.9461 (nominal=100.0000, clip=±0.50%) residual_len=0
[TX] Sending - Lorem ipsum dolor sit amet, ___?
[MM] mu=0.3227 omega=100.0798 (nominal=100.0000, clip=±0.50%) residual_len=0
[MM] mu=0.9572 omega=100.0716 (nominal=100.0000, clip=±0.50%) residual_len=3
[MM] mu=0.1415 omega=100.1595 (nominal=100.0000, clip=±0.50%) residual_len=0
[RX] SYNCWORD BER: 0.0
/home/hark/Repos/gallant-input/gallant_input/synch/mueller_muller.py:71: ComplexWarning: Casting complex values to real discards the imaginary part
  return numpy.asarray(out, dtype=chunk.dtype)
[MM] mu=0.3614 omega=100.1335 (nominal=100.0000, clip=±0.50%) residual_len=0
[RX] DATA BER: 0.0
[RX] Dropping failed checksum
[TX] Sending - Lorem ipsum dolor sit amet, ___?
/home/hark/Repos/gallant-input/gallant_input/synch/mueller_muller.py:71: ComplexWarning: Casting complex values to real discards the imaginary part
  return numpy.asarray(out, dtype=chunk.dtype)
[MM] mu=0.6099 omega=100.3498 (nominal=100.0000, clip=±0.50%) residual_len=0
[MM] mu=0.9122 omega=100.4168 (nominal=100.0000, clip=±0.50%) residual_len=0
[MM] mu=0.3703 omega=100.4669 (nominal=100.0000, clip=±0.50%) residual_len=0
[MM] mu=0.0781 omega=100.4048 (nominal=100.0000, clip=±0.50%) residual_len=0
[RX] SYNCWORD BER: 0.5
/home/hark/Repos/gallant-input/gallant_input/synch/mueller_muller.py:71: ComplexWarning: Casting complex values to real discards the imaginary part
  return numpy.asarray(out, dtype=chunk.dtype)
[MM] mu=0.5015 omega=100.4369 (nominal=100.0000, clip=±0.50%) residual_len=0
[TX] Sending - Lorem ipsum dolor sit amet, ___?
[MM] mu=0.0190 omega=100.3798 (nominal=100.0000, clip=±0.50%) residual_len=0
[MM] mu=0.1302 omega=100.4929 (nominal=100.0000, clip=±0.50%) residual_len=0
[MM] mu=0.6444 omega=100.4827 (nominal=100.0000, clip=±0.50%) residual_len=0
[MM] mu=0.2603 omega=100.4545 (nominal=100.0000, clip=±0.50%) residual_len=0
[RX] SYNCWORD BER: 0.46875
[RX] SYNCWORD BER: 0.5
[RX] SYNCWORD BER: 0.46875
[RX] SYNCWORD BER: 0.40625
[RX] SYNCWORD BER: 0.59375
/home/hark/Repos/gallant-input/gallant_input/synch/mueller_muller.py:71: ComplexWarning: Casting complex values to real discards the imaginary part
  return numpy.asarray(out, dtype=chunk.dtype)
[MM] mu=0.5889 omega=100.4992 (nominal=100.0000, clip=±0.50%) residual_len=0
[TX] Sending - Lorem ipsum dolor sit amet, ___?
[MM] mu=0.5474 omega=100.3296 (nominal=100.0000, clip=±0.50%) residual_len=0
[MM] mu=0.1505 omega=100.2377 (nominal=100.0000, clip=±0.50%) residual_len=0
[MM] mu=0.6476 omega=100.1689 (nominal=100.0000, clip=±0.50%) residual_len=0
[RX] SYNCWORD BER: 0.0
/home/hark/Repos/gallant-input/gallant_input/synch/mueller_muller.py:71: ComplexWarning: Casting complex values to real discards the imaginary part
  return numpy.asarray(out, dtype=chunk.dtype)
[MM] mu=0.0486 omega=100.0919 (nominal=100.0000, clip=±0.50%) residual_len=0
[RX] DATA BER: 0.0
[RX] Dropping failed checksum
[TX] Sending - Lorem ipsum dolor sit amet, ___?
/home/hark/Repos/gallant-input/gallant_input/synch/mueller_muller.py:71: ComplexWarning: Casting complex values to real discards the imaginary part
  return numpy.asarray(out, dtype=chunk.dtype)
[MM] mu=0.6692 omega=100.0789 (nominal=100.0000, clip=±0.50%) residual_len=0
[MM] mu=0.3418 omega=100.2925 (nominal=100.0000, clip=±0.50%) residual_len=0
[MM] mu=0.6044 omega=100.3208 (nominal=100.0000, clip=±0.50%) residual_len=0
[MM] mu=0.7092 omega=100.2818 (nominal=100.0000, clip=±0.50%) residual_len=0
[RX] SYNCWORD BER: 0.28125
[RX] SYNCWORD BER: 0.65625
[RX] SYNCWORD BER: 0.46875
[RX] SYNCWORD BER: 0.5
[RX] SYNCWORD BER: 0.53125
[RX] SYNCWORD BER: 0.40625
/home/hark/Repos/gallant-input/gallant_input/synch/mueller_muller.py:71: ComplexWarning: Casting complex values to real discards the imaginary part
  return numpy.asarray(out, dtype=chunk.dtype)
[MM] mu=0.8434 omega=100.0432 (nominal=100.0000, clip=±0.50%) residual_len=0
[TX] Sending - Lorem ipsum dolor sit amet, ___?
[MM] mu=0.8202 omega=100.1166 (nominal=100.0000, clip=±0.50%) residual_len=0
[MM] mu=0.5398 omega=100.0223 (nominal=100.0000, clip=±0.50%) residual_len=0
[MM] mu=0.5768 omega=100.0768 (nominal=100.0000, clip=±0.50%) residual_len=0
[MM] mu=0.9829 omega=100.1037 (nominal=100.0000, clip=±0.50%) residual_len=0
[MM] mu=0.3762 omega=100.2033 (nominal=100.0000, clip=±0.50%) residual_len=0
[TX] Sending - Lorem ipsum dolor sit amet, ___?
[MM] mu=0.5910 omega=100.1707 (nominal=100.0000, clip=±0.50%) residual_len=11
[MM] mu=0.4972 omega=100.1753 (nominal=100.0000, clip=±0.50%) residual_len=8
[MM] mu=0.0161 omega=100.1840 (nominal=100.0000, clip=±0.50%) residual_len=0
[RX] SYNCWORD BER: 0.5
[RX] SYNCWORD BER: 0.5
/home/hark/Repos/gallant-input/gallant_input/synch/mueller_muller.py:71: ComplexWarning: Casting complex values to real discards the imaginary part
  return numpy.asarray(out, dtype=chunk.dtype)
[MM] mu=0.4700 omega=100.0946 (nominal=100.0000, clip=±0.50%) residual_len=0
[MM] mu=0.2577 omega=100.1388 (nominal=100.0000, clip=±0.50%) residual_len=0
[TX] Sending - Lorem ipsum dolor sit amet, ___?
[MM] mu=0.1105 omega=100.1373 (nominal=100.0000, clip=±0.50%) residual_len=0
[MM] mu=0.3847 omega=100.0923 (nominal=100.0000, clip=±0.50%) residual_len=0
[MM] mu=0.7693 omega=100.1263 (nominal=100.0000, clip=±0.50%) residual_len=0
[RX] SYNCWORD BER: 0.0
/home/hark/Repos/gallant-input/gallant_input/synch/mueller_muller.py:71: ComplexWarning: Casting complex values to real discards the imaginary part
  return numpy.asarray(out, dtype=chunk.dtype)
[MM] mu=0.3998 omega=100.0047 (nominal=100.0000, clip=±0.50%) residual_len=0
[RX] DATA BER: 0.0
[RX] Dropping failed checksum
[TX] Sending - Lorem ipsum dolor sit amet, ___?
/home/hark/Repos/gallant-input/gallant_input/synch/mueller_muller.py:71: ComplexWarning: Casting complex values to real discards the imaginary part
  return numpy.asarray(out, dtype=chunk.dtype)
[MM] mu=0.1477 omega=100.0691 (nominal=100.0000, clip=±0.50%) residual_len=0
[MM] mu=0.3689 omega=100.0709 (nominal=100.0000, clip=±0.50%) residual_len=0
[MM] mu=0.8207 omega=100.1243 (nominal=100.0000, clip=±0.50%) residual_len=0
[MM] mu=0.5377 omega=100.0193 (nominal=100.0000, clip=±0.50%) residual_len=0
[RX] SYNCWORD BER: 0.0
/home/hark/Repos/gallant-input/gallant_input/synch/mueller_muller.py:71: ComplexWarning: Casting complex values to real discards the imaginary part
  return numpy.asarray(out, dtype=chunk.dtype)
[MM] mu=0.5557 omega=99.8947 (nominal=100.0000, clip=±0.50%) residual_len=0
[RX] DATA BER: 0.0

[RX] Received: Lorem ipsum dolor sit amet, ___?

[TX] Sending - Lorem ipsum dolor sit amet, ___?
/home/hark/Repos/gallant-input/gallant_input/synch/mueller_muller.py:71: ComplexWarning: Casting complex values to real discards the imaginary part
  return numpy.asarray(out, dtype=chunk.dtype)
[MM] mu=0.7781 omega=99.7920 (nominal=100.0000, clip=±0.50%) residual_len=0
[MM] mu=0.9241 omega=99.8735 (nominal=100.0000, clip=±0.50%) residual_len=12
[MM] mu=0.4971 omega=100.0556 (nominal=100.0000, clip=±0.50%) residual_len=0
[MM] mu=0.8426 omega=99.9316 (nominal=100.0000, clip=±0.50%) residual_len=15
[RX] SYNCWORD BER: 0.46875
[RX] SYNCWORD BER: 0.53125
[RX] SYNCWORD BER: 0.5625
[RX] SYNCWORD BER: 0.5
[RX] SYNCWORD BER: 0.5625
[RX] SYNCWORD BER: 0.53125
/home/hark/Repos/gallant-input/gallant_input/synch/mueller_muller.py:71: ComplexWarning: Casting complex values to real discards the imaginary part
  return numpy.asarray(out, dtype=chunk.dtype)
[MM] mu=0.8185 omega=99.7761 (nominal=100.0000, clip=±0.50%) residual_len=0
[TX] Sending - Lorem ipsum dolor sit amet, ___?
[MM] mu=0.0783 omega=99.9660 (nominal=100.0000, clip=±0.50%) residual_len=9
[MM] mu=0.7517 omega=99.9210 (nominal=100.0000, clip=±0.50%) residual_len=0
[MM] mu=0.5870 omega=99.9911 (nominal=100.0000, clip=±0.50%) residual_len=10
[RX] SYNCWORD BER: 0.0
/home/hark/Repos/gallant-input/gallant_input/synch/mueller_muller.py:71: ComplexWarning: Casting complex values to real discards the imaginary part
  return numpy.asarray(out, dtype=chunk.dtype)
[MM] mu=0.5560 omega=99.9336 (nominal=100.0000, clip=±0.50%) residual_len=0
[RX] DATA BER: 0.0

[RX] Received: Lorem ipsum dolor sit amet, ___?

[TX] Sending - Lorem ipsum dolor sit amet, ___?
/home/hark/Repos/gallant-input/gallant_input/synch/mueller_muller.py:71: ComplexWarning: Casting complex values to real discards the imaginary part
  return numpy.asarray(out, dtype=chunk.dtype)
[MM] mu=0.9065 omega=100.1388 (nominal=100.0000, clip=±0.50%) residual_len=6
[MM] mu=0.8207 omega=100.0411 (nominal=100.0000, clip=±0.50%) residual_len=0
[MM] mu=0.5182 omega=100.0378 (nominal=100.0000, clip=±0.50%) residual_len=0
[MM] mu=0.1696 omega=100.0748 (nominal=100.0000, clip=±0.50%) residual_len=0
[RX] SYNCWORD BER: 0.0
/home/hark/Repos/gallant-input/gallant_input/synch/mueller_muller.py:71: ComplexWarning: Casting complex values to real discards the imaginary part
  return numpy.asarray(out, dtype=chunk.dtype)
[MM] mu=0.1133 omega=100.0216 (nominal=100.0000, clip=±0.50%) residual_len=0
[RX] DATA BER: 0.0

[RX] Received: Lorem ipsum dolor sit amet, ___?

[TX] Sending - Lorem ipsum dolor sit amet, ___?
/home/hark/Repos/gallant-input/gallant_input/synch/mueller_muller.py:71: ComplexWarning: Casting complex values to real discards the imaginary part
  return numpy.asarray(out, dtype=chunk.dtype)
[MM] mu=0.2501 omega=99.9644 (nominal=100.0000, clip=±0.50%) residual_len=14
[MM] mu=0.5056 omega=100.0258 (nominal=100.0000, clip=±0.50%) residual_len=14
[MM] mu=0.3345 omega=99.9478 (nominal=100.0000, clip=±0.50%) residual_len=0
[MM] mu=0.8469 omega=99.8627 (nominal=100.0000, clip=±0.50%) residual_len=0
[RX] SYNCWORD BER: 0.0
[RX] DATA BER: 0.0
[RX] Dropping failed checksum
/home/hark/Repos/gallant-input/gallant_input/synch/mueller_muller.py:71: ComplexWarning: Casting complex values to real discards the imaginary part
  return numpy.asarray(out, dtype=chunk.dtype)
[MM] mu=0.3731 omega=99.7981 (nominal=100.0000, clip=±0.50%) residual_len=0
[TX] Sending - Lorem ipsum dolor sit amet, ___?
[MM] mu=0.5221 omega=99.8196 (nominal=100.0000, clip=±0.50%) residual_len=5
[MM] mu=0.0839 omega=99.8129 (nominal=100.0000, clip=±0.50%) residual_len=0
[MM] mu=0.7568 omega=99.8535 (nominal=100.0000, clip=±0.50%) residual_len=0
[RX] SYNCWORD BER: 0.0
/home/hark/Repos/gallant-input/gallant_input/synch/mueller_muller.py:71: ComplexWarning: Casting complex values to real discards the imaginary part
  return numpy.asarray(out, dtype=chunk.dtype)
[MM] mu=0.7945 omega=99.7818 (nominal=100.0000, clip=±0.50%) residual_len=0
[RX] DATA BER: 0.0
[RX] Dropping failed checksum
[TX] Sending - Lorem ipsum dolor sit amet, ___?/home/hark/Repos/gallant-input/gallant_input/synch/mueller_muller.py:71: ComplexWarning: Casting complex values to real discards the imaginary part
  return numpy.asarray(out, dtype=chunk.dtype)
[MM] mu=0.7221 omega=99.7205 (nominal=100.0000, clip=±0.50%) residual_len=5

[MM] mu=0.8960 omega=99.8806 (nominal=100.0000, clip=±0.50%) residual_len=0
[MM] mu=0.2771 omega=99.9848 (nominal=100.0000, clip=±0.50%) residual_len=0
[MM] mu=0.9564 omega=99.9023 (nominal=100.0000, clip=±0.50%) residual_len=0
[RX] SYNCWORD BER: 0.0
/home/hark/Repos/gallant-input/gallant_input/synch/mueller_muller.py:71: ComplexWarning: Casting complex values to real discards the imaginary part
  return numpy.asarray(out, dtype=chunk.dtype)
[MM] mu=0.2889 omega=99.7769 (nominal=100.0000, clip=±0.50%) residual_len=0
[RX] DATA BER: 0.0234375
[RX] Dropping failed checksum
[TX] Sending - Lorem ipsum dolor sit amet, ___?
/home/hark/Repos/gallant-input/gallant_input/synch/mueller_muller.py:71: ComplexWarning: Casting complex values to real discards the imaginary part
  return numpy.asarray(out, dtype=chunk.dtype)
[MM] mu=0.7375 omega=99.8477 (nominal=100.0000, clip=±0.50%) residual_len=0
[MM] mu=0.5750 omega=100.0343 (nominal=100.0000, clip=±0.50%) residual_len=6
[MM] mu=0.9909 omega=99.9429 (nominal=100.0000, clip=±0.50%) residual_len=0
[MM] mu=0.7936 omega=99.9111 (nominal=100.0000, clip=±0.50%) residual_len=0
[RX] SYNCWORD BER: 0.46875
[RX] SYNCWORD BER: 0.5625
[RX] SYNCWORD BER: 0.375
[RX] SYNCWORD BER: 0.59375
[RX] SYNCWORD BER: 0.40625
[RX] SYNCWORD BER: 0.5
/home/hark/Repos/gallant-input/gallant_input/synch/mueller_muller.py:71: ComplexWarning: Casting complex values to real discards the imaginary part
  return numpy.asarray(out, dtype=chunk.dtype)
[MM] mu=0.4413 omega=100.0151 (nominal=100.0000, clip=±0.50%) residual_len=14
[TX] Sending - Lorem ipsum dolor sit amet, ___?
[MM] mu=0.5566 omega=99.9835 (nominal=100.0000, clip=±0.50%) residual_len=0
[MM] mu=0.9034 omega=100.0780 (nominal=100.0000, clip=±0.50%) residual_len=0
[MM] mu=0.9844 omega=100.3143 (nominal=100.0000, clip=±0.50%) residual_len=0
[RX] SYNCWORD BER: 0.0
/home/hark/Repos/gallant-input/gallant_input/synch/mueller_muller.py:71: ComplexWarning: Casting complex values to real discards the imaginary part
  return numpy.asarray(out, dtype=chunk.dtype)
[MM] mu=0.1939 omega=100.2704 (nominal=100.0000, clip=±0.50%) residual_len=6
[RX] DATA BER: 0.05859375
[RX] Dropping failed checksum
/home/hark/Repos/gallant-input/gallant_input/synch/mueller_muller.py:71: ComplexWarning: Casting complex values to real discards the imaginary part
  return numpy.asarray(out, dtype=chunk.dtype)
[MM] mu=0.3891 omega=100.2426 (nominal=100.0000, clip=±0.50%) residual_len=0
[TX] Sending - Lorem ipsum dolor sit amet, ___?
[MM] mu=0.2752 omega=100.2037 (nominal=100.0000, clip=±0.50%) residual_len=0
[MM] mu=0.7766 omega=100.1484 (nominal=100.0000, clip=±0.50%) residual_len=0
[MM] mu=0.2417 omega=100.1144 (nominal=100.0000, clip=±0.50%) residual_len=0
[RX] SYNCWORD BER: 0.0
/home/hark/Repos/gallant-input/gallant_input/synch/mueller_muller.py:71: ComplexWarning: Casting complex values to real discards the imaginary part
  return numpy.asarray(out, dtype=chunk.dtype)
[MM] mu=0.7639 omega=100.0834 (nominal=100.0000, clip=±0.50%) residual_len=12
[RX] DATA BER: 0.0
[RX] Dropping failed checksum
[TX] Sending - Lorem ipsum dolor sit amet, ___?
/home/hark/Repos/gallant-input/gallant_input/synch/mueller_muller.py:71: ComplexWarning: Casting complex values to real discards the imaginary part
  return numpy.asarray(out, dtype=chunk.dtype)
[MM] mu=0.0393 omega=100.0388 (nominal=100.0000, clip=±0.50%) residual_len=0
[MM] mu=0.0050 omega=99.8949 (nominal=100.0000, clip=±0.50%) residual_len=0
[MM] mu=0.1605 omega=100.0117 (nominal=100.0000, clip=±0.50%) residual_len=0
[MM] mu=0.4720 omega=99.9698 (nominal=100.0000, clip=±0.50%) residual_len=0
[RX] SYNCWORD BER: 0.0
/home/hark/Repos/gallant-input/gallant_input/synch/mueller_muller.py:71: ComplexWarning: Casting complex values to real discards the imaginary part
  return numpy.asarray(out, dtype=chunk.dtype)
[MM] mu=0.3324 omega=100.0337 (nominal=100.0000, clip=±0.50%) residual_len=0
[RX] DATA BER: 0.0

[RX] Received: Lorem ipsum dolor sit amet, ___?

[TX] Sending - Lorem ipsum dolor sit amet, ___?
/home/hark/Repos/gallant-input/gallant_input/synch/mueller_muller.py:71: ComplexWarning: Casting complex values to real discards the imaginary part
  return numpy.asarray(out, dtype=chunk.dtype)
[MM] mu=0.7580 omega=100.0160 (nominal=100.0000, clip=±0.50%) residual_len=0
[MM] mu=0.5141 omega=99.9275 (nominal=100.0000, clip=±0.50%) residual_len=0
[MM] mu=0.7463 omega=100.2115 (nominal=100.0000, clip=±0.50%) residual_len=0
[MM] mu=0.1093 omega=100.1521 (nominal=100.0000, clip=±0.50%) residual_len=0
[RX] SYNCWORD BER: 0.0
[RX] DATA BER: 0.0
[RX] Dropping failed checksum
/home/hark/Repos/gallant-input/gallant_input/synch/mueller_muller.py:71: ComplexWarning: Casting complex values to real discards the imaginary part
  return numpy.asarray(out, dtype=chunk.dtype)
[MM] mu=0.3373 omega=100.1960 (nominal=100.0000, clip=±0.50%) residual_len=0
[TX] Sending - Lorem ipsum dolor sit amet, ___?
[MM] mu=0.2334 omega=100.4047 (nominal=100.0000, clip=±0.50%) residual_len=0
[MM] mu=0.2817 omega=100.2004 (nominal=100.0000, clip=±0.50%) residual_len=0
[MM] mu=0.2874 omega=100.2207 (nominal=100.0000, clip=±0.50%) residual_len=0
[MM] mu=0.6127 omega=100.1392 (nominal=100.0000, clip=±0.50%) residual_len=4
[TX] Sending - Lorem ipsum dolor sit amet, ___?
[MM] mu=0.7737 omega=100.1510 (nominal=100.0000, clip=±0.50%) residual_len=0
[MM] mu=0.3968 omega=100.1804 (nominal=100.0000, clip=±0.50%) residual_len=0
[MM] mu=0.9192 omega=100.2222 (nominal=100.0000, clip=±0.50%) residual_len=0
[MM] mu=0.2295 omega=100.1206 (nominal=100.0000, clip=±0.50%) residual_len=0
[RX] SYNCWORD BER: 0.0
/home/hark/Repos/gallant-input/gallant_input/synch/mueller_muller.py:71: ComplexWarning: Casting complex values to real discards the imaginary part
  return numpy.asarray(out, dtype=chunk.dtype)
[MM] mu=0.7528 omega=100.1232 (nominal=100.0000, clip=±0.50%) residual_len=0
[RX] DATA BER: 0.0

[RX] Received: Lorem ipsum dolor sit amet, ___?

[TX] Sending - Lorem ipsum dolor sit amet, ___?
/home/hark/Repos/gallant-input/gallant_input/synch/mueller_muller.py:71: ComplexWarning: Casting complex values to real discards the imaginary part
  return numpy.asarray(out, dtype=chunk.dtype)
[MM] mu=0.9155 omega=100.1212 (nominal=100.0000, clip=±0.50%) residual_len=0
[MM] mu=0.7524 omega=99.9304 (nominal=100.0000, clip=±0.50%) residual_len=0
[MM] mu=0.0567 omega=99.8008 (nominal=100.0000, clip=±0.50%) residual_len=0
[MM] mu=0.8084 omega=99.6605 (nominal=100.0000, clip=±0.50%) residual_len=0
[MM] mu=0.6582 omega=99.6434 (nominal=100.0000, clip=±0.50%) residual_len=0
[TX] Sending - Lorem ipsum dolor sit amet, ___?
[MM] mu=0.3289 omega=99.6705 (nominal=100.0000, clip=±0.50%) residual_len=0
[MM] mu=0.5842 omega=99.6233 (nominal=100.0000, clip=±0.50%) residual_len=0
[MM] mu=0.1069 omega=99.5554 (nominal=100.0000, clip=±0.50%) residual_len=0
[RX] SYNCWORD BER: 0.03125
[RX] SYNCWORD BER: 0.59375
[RX] SYNCWORD BER: 0.40625
[RX] SYNCWORD BER: 0.5
/home/hark/Repos/gallant-input/gallant_input/synch/mueller_muller.py:71: ComplexWarning: Casting complex values to real discards the imaginary part
  return numpy.asarray(out, dtype=chunk.dtype)
[MM] mu=0.2975 omega=99.5010 (nominal=100.0000, clip=±0.50%) residual_len=0
[MM] mu=0.9987 omega=99.5754 (nominal=100.0000, clip=±0.50%) residual_len=0
[TX] Sending - Lorem ipsum dolor sit amet, ___?
[MM] mu=0.3711 omega=99.5640 (nominal=100.0000, clip=±0.50%) residual_len=0
[MM] mu=0.5273 omega=99.5457 (nominal=100.0000, clip=±0.50%) residual_len=0
[MM] mu=0.2889 omega=99.5606 (nominal=100.0000, clip=±0.50%) residual_len=0
[RX] SYNCWORD BER: 0.0
/home/hark/Repos/gallant-input/gallant_input/synch/mueller_muller.py:71: ComplexWarning: Casting complex values to real discards the imaginary part
  return numpy.asarray(out, dtype=chunk.dtype)
[MM] mu=0.3897 omega=99.5958 (nominal=100.0000, clip=±0.50%) residual_len=0
[RX] DATA BER: 0.34765625
[RX] Dropping failed checksum
[TX] Sending - Lorem ipsum dolor sit amet, ___?
/home/hark/Repos/gallant-input/gallant_input/synch/mueller_muller.py:71: ComplexWarning: Casting complex values to real discards the imaginary part
  return numpy.asarray(out, dtype=chunk.dtype)
[MM] mu=0.2506 omega=99.6062 (nominal=100.0000, clip=±0.50%) residual_len=0
[MM] mu=0.3284 omega=99.5859 (nominal=100.0000, clip=±0.50%) residual_len=0
[MM] mu=0.9213 omega=99.5645 (nominal=100.0000, clip=±0.50%) residual_len=3
[MM] mu=0.2518 omega=99.5049 (nominal=100.0000, clip=±0.50%) residual_len=0
[RX] SYNCWORD BER: 0.0
/home/hark/Repos/gallant-input/gallant_input/synch/mueller_muller.py:71: ComplexWarning: Casting complex values to real discards the imaginary part
  return numpy.asarray(out, dtype=chunk.dtype)
[MM] mu=0.6546 omega=99.5921 (nominal=100.0000, clip=±0.50%) residual_len=0
[RX] DATA BER: 0.34765625
[RX] Dropping failed checksum
[TX] Sending - Lorem ipsum dolor sit amet, ___?
/home/hark/Repos/gallant-input/gallant_input/synch/mueller_muller.py:71: ComplexWarning: Casting complex values to real discards the imaginary part
  return numpy.asarray(out, dtype=chunk.dtype)
[MM] mu=0.4307 omega=99.5679 (nominal=100.0000, clip=±0.50%) residual_len=0
[MM] mu=0.3907 omega=99.5826 (nominal=100.0000, clip=±0.50%) residual_len=0
[MM] mu=0.2711 omega=99.5909 (nominal=100.0000, clip=±0.50%) residual_len=0
[MM] mu=0.9409 omega=99.5657 (nominal=100.0000, clip=±0.50%) residual_len=0
[RX] SYNCWORD BER: 0.4375
/home/hark/Repos/gallant-input/gallant_input/synch/mueller_muller.py:71: ComplexWarning: Casting complex values to real discards the imaginary part
  return numpy.asarray(out, dtype=chunk.dtype)
[MM] mu=0.9141 omega=99.5225 (nominal=100.0000, clip=±0.50%) residual_len=0
[TX] Sending - Lorem ipsum dolor sit amet, ___?
[MM] mu=0.8450 omega=99.5351 (nominal=100.0000, clip=±0.50%) residual_len=0
[MM] mu=0.3422 omega=99.5239 (nominal=100.0000, clip=±0.50%) residual_len=0
[MM] mu=0.7549 omega=99.5152 (nominal=100.0000, clip=±0.50%) residual_len=0
[RX] SYNCWORD BER: 0.0
/home/hark/Repos/gallant-input/gallant_input/synch/mueller_muller.py:71: ComplexWarning: Casting complex values to real discards the imaginary part
  return numpy.asarray(out, dtype=chunk.dtype)
[MM] mu=0.3282 omega=99.5000 (nominal=100.0000, clip=±0.50%) residual_len=6
[RX] DATA BER: 0.30078125
[RX] Dropping failed checksum
[TX] Sending - Lorem ipsum dolor sit amet, ___?
/home/hark/Repos/gallant-input/gallant_input/synch/mueller_muller.py:71: ComplexWarning: Casting complex values to real discards the imaginary part
  return numpy.asarray(out, dtype=chunk.dtype)
[MM] mu=0.6890 omega=99.5882 (nominal=100.0000, clip=±0.50%) residual_len=0
[MM] mu=0.3808 omega=99.6848 (nominal=100.0000, clip=±0.50%) residual_len=0
[MM] mu=0.6034 omega=99.6359 (nominal=100.0000, clip=±0.50%) residual_len=0
[MM] mu=0.6337 omega=99.5333 (nominal=100.0000, clip=±0.50%) residual_len=0
[RX] SYNCWORD BER: 0.0
/home/hark/Repos/gallant-input/gallant_input/synch/mueller_muller.py:71: ComplexWarning: Casting complex values to real discards the imaginary part
  return numpy.asarray(out, dtype=chunk.dtype)
[MM] mu=0.3002 omega=99.5672 (nominal=100.0000, clip=±0.50%) residual_len=0
[RX] DATA BER: 0.26171875
[RX] Dropping failed checksum
[TX] Sending - Lorem ipsum dolor sit amet, ___?
/home/hark/Repos/gallant-input/gallant_input/synch/mueller_muller.py:71: ComplexWarning: Casting complex values to real discards the imaginary part
  return numpy.asarray(out, dtype=chunk.dtype)
[MM] mu=0.7085 omega=99.7188 (nominal=100.0000, clip=±0.50%) residual_len=0
[MM] mu=0.0323 omega=99.5401 (nominal=100.0000, clip=±0.50%) residual_len=0
[MM] mu=0.2669 omega=99.5155 (nominal=100.0000, clip=±0.50%) residual_len=0
[MM] mu=0.4114 omega=99.5048 (nominal=100.0000, clip=±0.50%) residual_len=8
[RX] SYNCWORD BER: 0.03125
[RX] SYNCWORD BER: 0.59375
[RX] SYNCWORD BER: 0.40625
[RX] SYNCWORD BER: 0.5
[RX] SYNCWORD BER: 0.4375
[RX] SYNCWORD BER: 0.5
/home/hark/Repos/gallant-input/gallant_input/synch/mueller_muller.py:71: ComplexWarning: Casting complex values to real discards the imaginary part
  return numpy.asarray(out, dtype=chunk.dtype)
[MM] mu=0.0675 omega=99.6513 (nominal=100.0000, clip=±0.50%) residual_len=0
[TX] Sending - Lorem ipsum dolor sit amet, ___?
[MM] mu=0.9574 omega=99.7017 (nominal=100.0000, clip=±0.50%) residual_len=0
[MM] mu=0.4675 omega=99.5608 (nominal=100.0000, clip=±0.50%) residual_len=0
[MM] mu=0.4413 omega=99.5435 (nominal=100.0000, clip=±0.50%) residual_len=0
[RX] SYNCWORD BER: 0.0
/home/hark/Repos/gallant-input/gallant_input/synch/mueller_muller.py:71: ComplexWarning: Casting complex values to real discards the imaginary part
  return numpy.asarray(out, dtype=chunk.dtype)
[MM] mu=0.4094 omega=99.5297 (nominal=100.0000, clip=±0.50%) residual_len=0
[RX] DATA BER: 0.36328125
[RX] Dropping failed checksum
[TX] Sending - Lorem ipsum dolor sit amet, ___?
/home/hark/Repos/gallant-input/gallant_input/synch/mueller_muller.py:71: ComplexWarning: Casting complex values to real discards the imaginary part
  return numpy.asarray(out, dtype=chunk.dtype)
[MM] mu=0.7455 omega=99.5909 (nominal=100.0000, clip=±0.50%) residual_len=0
[MM] mu=0.6746 omega=99.5165 (nominal=100.0000, clip=±0.50%) residual_len=0
[MM] mu=0.7240 omega=99.5322 (nominal=100.0000, clip=±0.50%) residual_len=0
[MM] mu=0.9395 omega=99.5067 (nominal=100.0000, clip=±0.50%) residual_len=0
[RX] SYNCWORD BER: 0.0
/home/hark/Repos/gallant-input/gallant_input/synch/mueller_muller.py:71: ComplexWarning: Casting complex values to real discards the imaginary part
  return numpy.asarray(out, dtype=chunk.dtype)
[MM] mu=0.9529 omega=99.6757 (nominal=100.0000, clip=±0.50%) residual_len=0
[RX] DATA BER: 0.296875
[RX] Dropping failed checksum
[TX] Sending - Lorem ipsum dolor sit amet, ___?
/home/hark/Repos/gallant-input/gallant_input/synch/mueller_muller.py:71: ComplexWarning: Casting complex values to real discards the imaginary part
  return numpy.asarray(out, dtype=chunk.dtype)
[MM] mu=0.3333 omega=99.6467 (nominal=100.0000, clip=±0.50%) residual_len=0
[MM] mu=0.9909 omega=99.6437 (nominal=100.0000, clip=±0.50%) residual_len=0
[MM] mu=0.0822 omega=99.6310 (nominal=100.0000, clip=±0.50%) residual_len=0
[MM] mu=0.2792 omega=99.5910 (nominal=100.0000, clip=±0.50%) residual_len=0
[RX] SYNCWORD BER: 0.5
[RX] SYNCWORD BER: 0.46875
[RX] SYNCWORD BER: 0.5625
[RX] SYNCWORD BER: 0.0
/home/hark/Repos/gallant-input/gallant_input/synch/mueller_muller.py:71: ComplexWarning: Casting complex values to real discards the imaginary part
  return numpy.asarray(out, dtype=chunk.dtype)
[MM] mu=0.6481 omega=99.5947 (nominal=100.0000, clip=±0.50%) residual_len=0
[RX] DATA BER: 0.31640625
[RX] Dropping failed checksum
[TX] Sending - Lorem ipsum dolor sit amet, ___?
/home/hark/Repos/gallant-input/gallant_input/synch/mueller_muller.py:71: ComplexWarning: Casting complex values to real discards the imaginary part
  return numpy.asarray(out, dtype=chunk.dtype)
[MM] mu=0.6125 omega=99.6277 (nominal=100.0000, clip=±0.50%) residual_len=0
[MM] mu=0.4341 omega=99.7970 (nominal=100.0000, clip=±0.50%) residual_len=0
[MM] mu=0.5241 omega=99.7545 (nominal=100.0000, clip=±0.50%) residual_len=0
[RX] SYNCWORD BER: 0.0
/home/hark/Repos/gallant-input/gallant_input/synch/mueller_muller.py:71: ComplexWarning: Casting complex values to real discards the imaginary part
  return numpy.asarray(out, dtype=chunk.dtype)
[MM] mu=0.1917 omega=99.7455 (nominal=100.0000, clip=±0.50%) residual_len=0
[RX] DATA BER: 0.20703125
[RX] Dropping failed checksum
/home/hark/Repos/gallant-input/gallant_input/synch/mueller_muller.py:71: ComplexWarning: Casting complex values to real discards the imaginary part
  return numpy.asarray(out, dtype=chunk.dtype)
[MM] mu=0.3885 omega=99.7593 (nominal=100.0000, clip=±0.50%) residual_len=0
[TX] Sending - Lorem ipsum dolor sit amet, ___?
[MM] mu=0.9243 omega=99.6133 (nominal=100.0000, clip=±0.50%) residual_len=0
[MM] mu=0.1622 omega=99.8100 (nominal=100.0000, clip=±0.50%) residual_len=0
[MM] mu=0.4489 omega=99.8246 (nominal=100.0000, clip=±0.50%) residual_len=0
[RX] SYNCWORD BER: 0.0
/home/hark/Repos/gallant-input/gallant_input/synch/mueller_muller.py:71: ComplexWarning: Casting complex values to real discards the imaginary part
  return numpy.asarray(out, dtype=chunk.dtype)
[MM] mu=0.1753 omega=99.6539 (nominal=100.0000, clip=±0.50%) residual_len=0
[RX] DATA BER: 0.16015625
[RX] Dropping failed checksum
[TX] Sending - Lorem ipsum dolor sit amet, ___?
/home/hark/Repos/gallant-input/gallant_input/synch/mueller_muller.py:71: ComplexWarning: Casting complex values to real discards the imaginary part
  return numpy.asarray(out, dtype=chunk.dtype)
[MM] mu=0.1626 omega=99.7479 (nominal=100.0000, clip=±0.50%) residual_len=0
[MM] mu=0.0592 omega=99.8167 (nominal=100.0000, clip=±0.50%) residual_len=0
[MM] mu=0.5629 omega=99.6629 (nominal=100.0000, clip=±0.50%) residual_len=0
[MM] mu=0.3279 omega=99.5844 (nominal=100.0000, clip=±0.50%) residual_len=0
[RX] SYNCWORD BER: 0.0
/home/hark/Repos/gallant-input/gallant_input/synch/mueller_muller.py:71: ComplexWarning: Casting complex values to real discards the imaginary part
  return numpy.asarray(out, dtype=chunk.dtype)
[MM] mu=0.9241 omega=99.5000 (nominal=100.0000, clip=±0.50%) residual_len=0
[RX] DATA BER: 0.26953125
[RX] Dropping failed checksum
[TX] Sending - Lorem ipsum dolor sit amet, ___?
/home/hark/Repos/gallant-input/gallant_input/synch/mueller_muller.py:71: ComplexWarning: Casting complex values to real discards the imaginary part
  return numpy.asarray(out, dtype=chunk.dtype)
[MM] mu=0.8389 omega=99.5806 (nominal=100.0000, clip=±0.50%) residual_len=0
[MM] mu=0.8682 omega=99.5470 (nominal=100.0000, clip=±0.50%) residual_len=0
[MM] mu=0.2667 omega=99.6379 (nominal=100.0000, clip=±0.50%) residual_len=0
[MM] mu=0.3752 omega=99.5752 (nominal=100.0000, clip=±0.50%) residual_len=0
[RX] SYNCWORD BER: 0.5
[RX] SYNCWORD BER: 0.5
/home/hark/Repos/gallant-input/gallant_input/synch/mueller_muller.py:71: ComplexWarning: Casting complex values to real discards the imaginary part
  return numpy.asarray(out, dtype=chunk.dtype)
[MM] mu=0.6696 omega=99.5771 (nominal=100.0000, clip=±0.50%) residual_len=0
[TX] Sending - Lorem ipsum dolor sit amet, ___?
[MM] mu=0.6378 omega=99.6709 (nominal=100.0000, clip=±0.50%) residual_len=0
[MM] mu=0.2690 omega=99.7128 (nominal=100.0000, clip=±0.50%) residual_len=0
[MM] mu=0.3371 omega=99.7961 (nominal=100.0000, clip=±0.50%) residual_len=0
[RX] SYNCWORD BER: 0.0
/home/hark/Repos/gallant-input/gallant_input/synch/mueller_muller.py:71: ComplexWarning: Casting complex values to real discards the imaginary part
  return numpy.asarray(out, dtype=chunk.dtype)
[MM] mu=0.4313 omega=99.8011 (nominal=100.0000, clip=±0.50%) residual_len=12
[RX] DATA BER: 0.1875
[RX] Dropping failed checksum
[TX] Sending - Lorem ipsum dolor sit amet, ___?
/home/hark/Repos/gallant-input/gallant_input/synch/mueller_muller.py:71: ComplexWarning: Casting complex values to real discards the imaginary part
  return numpy.asarray(out, dtype=chunk.dtype)
[MM] mu=0.8837 omega=99.6135 (nominal=100.0000, clip=±0.50%) residual_len=0
[MM] mu=0.5382 omega=99.7187 (nominal=100.0000, clip=±0.50%) residual_len=0
[MM] mu=0.8646 omega=99.7160 (nominal=100.0000, clip=±0.50%) residual_len=0
[MM] mu=0.5864 omega=99.6831 (nominal=100.0000, clip=±0.50%) residual_len=0
[RX] SYNCWORD BER: 0.0
/home/hark/Repos/gallant-input/gallant_input/synch/mueller_muller.py:71: ComplexWarning: Casting complex values to real discards the imaginary part
  return numpy.asarray(out, dtype=chunk.dtype)
[MM] mu=0.3041 omega=99.5506 (nominal=100.0000, clip=±0.50%) residual_len=0
[RX] DATA BER: 0.24609375
[RX] Dropping failed checksum
[TX] Sending - Lorem ipsum dolor sit amet, ___?
/home/hark/Repos/gallant-input/gallant_input/synch/mueller_muller.py:71: ComplexWarning: Casting complex values to real discards the imaginary part
  return numpy.asarray(out, dtype=chunk.dtype)
[MM] mu=0.0689 omega=99.5559 (nominal=100.0000, clip=±0.50%) residual_len=0
[MM] mu=0.2143 omega=99.6971 (nominal=100.0000, clip=±0.50%) residual_len=0
[MM] mu=0.2840 omega=99.7977 (nominal=100.0000, clip=±0.50%) residual_len=0
[MM] mu=0.9496 omega=99.6675 (nominal=100.0000, clip=±0.50%) residual_len=0
[RX] SYNCWORD BER: 0.0
[RX] DATA BER: 0.234375
[RX] Dropping failed checksum
/home/hark/Repos/gallant-input/gallant_input/synch/mueller_muller.py:71: ComplexWarning: Casting complex values to real discards the imaginary part
  return numpy.asarray(out, dtype=chunk.dtype)
[MM] mu=0.8636 omega=99.5890 (nominal=100.0000, clip=±0.50%) residual_len=0
[TX] Sending - Lorem ipsum dolor sit amet, ___?
[MM] mu=0.3623 omega=99.5183 (nominal=100.0000, clip=±0.50%) residual_len=0
[MM] mu=0.4491 omega=99.5160 (nominal=100.0000, clip=±0.50%) residual_len=0
[MM] mu=0.7007 omega=99.5051 (nominal=100.0000, clip=±0.50%) residual_len=4
[RX] SYNCWORD BER: 0.53125
[RX] SYNCWORD BER: 0.40625
[RX] SYNCWORD BER: 0.53125
[RX] SYNCWORD BER: 0.5
[RX] SYNCWORD BER: 0.53125
[RX] SYNCWORD BER: 0.4375
/home/hark/Repos/gallant-input/gallant_input/synch/mueller_muller.py:71: ComplexWarning: Casting complex values to real discards the imaginary part
  return numpy.asarray(out, dtype=chunk.dtype)
[MM] mu=0.5212 omega=99.5234 (nominal=100.0000, clip=±0.50%) residual_len=12
[MM] mu=0.8502 omega=99.7144 (nominal=100.0000, clip=±0.50%) residual_len=0
[TX] Sending - Lorem ipsum dolor sit amet, ___?
[MM] mu=0.1943 omega=99.8879 (nominal=100.0000, clip=±0.50%) residual_len=0
[MM] mu=0.7237 omega=99.9371 (nominal=100.0000, clip=±0.50%) residual_len=4
[MM] mu=0.3039 omega=99.8127 (nominal=100.0000, clip=±0.50%) residual_len=0
[RX] SYNCWORD BER: 0.0
/home/hark/Repos/gallant-input/gallant_input/synch/mueller_muller.py:71: ComplexWarning: Casting complex values to real discards the imaginary part
  return numpy.asarray(out, dtype=chunk.dtype)
[MM] mu=0.3002 omega=99.7625 (nominal=100.0000, clip=±0.50%) residual_len=0
[RX] DATA BER: 0.140625
[RX] Dropping failed checksum
[TX] Sending - Lorem ipsum dolor sit amet, ___?
/home/hark/Repos/gallant-input/gallant_input/synch/mueller_muller.py:71: ComplexWarning: Casting complex values to real discards the imaginary part
  return numpy.asarray(out, dtype=chunk.dtype)
[MM] mu=0.9109 omega=99.6461 (nominal=100.0000, clip=±0.50%) residual_len=0
[MM] mu=0.2794 omega=99.7218 (nominal=100.0000, clip=±0.50%) residual_len=0
[MM] mu=0.9456 omega=99.6370 (nominal=100.0000, clip=±0.50%) residual_len=0
[MM] mu=0.3719 omega=99.6575 (nominal=100.0000, clip=±0.50%) residual_len=0
[MM] mu=0.1075 omega=99.5586 (nominal=100.0000, clip=±0.50%) residual_len=0
[TX] Sending - Lorem ipsum dolor sit amet, ___?
[MM] mu=0.0966 omega=99.5069 (nominal=100.0000, clip=±0.50%) residual_len=0
[MM] mu=0.3455 omega=99.5277 (nominal=100.0000, clip=±0.50%) residual_len=0
[MM] mu=0.9081 omega=99.5934 (nominal=100.0000, clip=±0.50%) residual_len=0
[MM] mu=0.8365 omega=99.5449 (nominal=100.0000, clip=±0.50%) residual_len=0
[RX] SYNCWORD BER: 0.15625
[RX] SYNCWORD BER: 0.625
/home/hark/Repos/gallant-input/gallant_input/synch/mueller_muller.py:71: ComplexWarning: Casting complex values to real discards the imaginary part
  return numpy.asarray(out, dtype=chunk.dtype)
[MM] mu=0.3712 omega=99.5456 (nominal=100.0000, clip=±0.50%) residual_len=0
[TX] Sending - Lorem ipsum dolor sit amet, ___?
[MM] mu=0.6649 omega=99.8122 (nominal=100.0000, clip=±0.50%) residual_len=0
[MM] mu=0.2723 omega=99.8811 (nominal=100.0000, clip=±0.50%) residual_len=0
[MM] mu=0.1704 omega=99.9706 (nominal=100.0000, clip=±0.50%) residual_len=0
[RX] SYNCWORD BER: 0.0
/home/hark/Repos/gallant-input/gallant_input/synch/mueller_muller.py:71: ComplexWarning: Casting complex values to real discards the imaginary part
  return numpy.asarray(out, dtype=chunk.dtype)
[MM] mu=0.5657 omega=100.0443 (nominal=100.0000, clip=±0.50%) residual_len=0
[RX] DATA BER: 0.0
[RX] Dropping failed checksum
[TX] Sending - Lorem ipsum dolor sit amet, ___?
/home/hark/Repos/gallant-input/gallant_input/synch/mueller_muller.py:71: ComplexWarning: Casting complex values to real discards the imaginary part
  return numpy.asarray(out, dtype=chunk.dtype)
[MM] mu=0.5217 omega=100.0480 (nominal=100.0000, clip=±0.50%) residual_len=0
[MM] mu=0.7214 omega=99.9520 (nominal=100.0000, clip=±0.50%) residual_len=0
[MM] mu=0.3175 omega=99.7323 (nominal=100.0000, clip=±0.50%) residual_len=0
[MM] mu=0.1912 omega=99.6897 (nominal=100.0000, clip=±0.50%) residual_len=0
[RX] SYNCWORD BER: 0.0
/home/hark/Repos/gallant-input/gallant_input/synch/mueller_muller.py:71: ComplexWarning: Casting complex values to real discards the imaginary part
  return numpy.asarray(out, dtype=chunk.dtype)
[MM] mu=0.6537 omega=99.6952 (nominal=100.0000, clip=±0.50%) residual_len=0
[RX] DATA BER: 0.16015625
[RX] Dropping failed checksum
[TX] Sending - Lorem ipsum dolor sit amet, ___?
/home/hark/Repos/gallant-input/gallant_input/synch/mueller_muller.py:71: ComplexWarning: Casting complex values to real discards the imaginary part
  return numpy.asarray(out, dtype=chunk.dtype)
[MM] mu=0.1940 omega=99.6086 (nominal=100.0000, clip=±0.50%) residual_len=0
[MM] mu=0.6397 omega=99.5206 (nominal=100.0000, clip=±0.50%) residual_len=0
[MM] mu=0.0212 omega=99.6521 (nominal=100.0000, clip=±0.50%) residual_len=0
[MM] mu=0.5636 omega=99.5815 (nominal=100.0000, clip=±0.50%) residual_len=0
[RX] SYNCWORD BER: 0.0
[RX] DATA BER: 0.2265625
[RX] Dropping failed checksum
/home/hark/Repos/gallant-input/gallant_input/synch/mueller_muller.py:71: ComplexWarning: Casting complex values to real discards the imaginary part
  return numpy.asarray(out, dtype=chunk.dtype)
[MM] mu=0.0178 omega=99.6012 (nominal=100.0000, clip=±0.50%) residual_len=0
[TX] Sending - Lorem ipsum dolor sit amet, ___?
[MM] mu=0.4877 omega=99.6855 (nominal=100.0000, clip=±0.50%) residual_len=0
[MM] mu=0.1645 omega=99.5138 (nominal=100.0000, clip=±0.50%) residual_len=14
[MM] mu=0.2811 omega=99.5805 (nominal=100.0000, clip=±0.50%) residual_len=0
[MM] mu=0.9762 omega=99.5165 (nominal=100.0000, clip=±0.50%) residual_len=0
[TX] Sending - Lorem ipsum dolor sit amet, ___?
[MM] mu=0.5338 omega=99.6714 (nominal=100.0000, clip=±0.50%) residual_len=0
[MM] mu=0.0205 omega=99.5388 (nominal=100.0000, clip=±0.50%) residual_len=0
[MM] mu=0.6585 omega=99.6106 (nominal=100.0000, clip=±0.50%) residual_len=0
[MM] mu=0.5024 omega=99.5050 (nominal=100.0000, clip=±0.50%) residual_len=0
[MM] mu=0.3108 omega=99.5645 (nominal=100.0000, clip=±0.50%) residual_len=0
[TX] Sending - Lorem ipsum dolor sit amet, ___?
[MM] mu=0.6650 omega=99.5321 (nominal=100.0000, clip=±0.50%) residual_len=0
[MM] mu=0.4015 omega=99.5096 (nominal=100.0000, clip=±0.50%) residual_len=0
[MM] mu=0.7690 omega=99.5346 (nominal=100.0000, clip=±0.50%) residual_len=0
[MM] mu=0.6506 omega=99.5046 (nominal=100.0000, clip=±0.50%) residual_len=0
[RX] SYNCWORD BER: 0.0
/home/hark/Repos/gallant-input/gallant_input/synch/mueller_muller.py:71: ComplexWarning: Casting complex values to real discards the imaginary part
  return numpy.asarray(out, dtype=chunk.dtype)
[MM] mu=0.8345 omega=99.5372 (nominal=100.0000, clip=±0.50%) residual_len=0
[RX] DATA BER: 0.33203125
[RX] Dropping failed checksum
[TX] Sending - Lorem ipsum dolor sit amet, ___?
/home/hark/Repos/gallant-input/gallant_input/synch/mueller_muller.py:71: ComplexWarning: Casting complex values to real discards the imaginary part
  return numpy.asarray(out, dtype=chunk.dtype)
[MM] mu=0.1986 omega=99.5430 (nominal=100.0000, clip=±0.50%) residual_len=0
[MM] mu=0.1122 omega=99.8446 (nominal=100.0000, clip=±0.50%) residual_len=0
[MM] mu=0.9003 omega=99.9493 (nominal=100.0000, clip=±0.50%) residual_len=0
[RX] SYNCWORD BER: 0.0
/home/hark/Repos/gallant-input/gallant_input/synch/mueller_muller.py:71: ComplexWarning: Casting complex values to real discards the imaginary part
  return numpy.asarray(out, dtype=chunk.dtype)
[MM] mu=0.0964 omega=99.9264 (nominal=100.0000, clip=±0.50%) residual_len=0
[RX] DATA BER: 0.0
[RX] Dropping failed checksum
/home/hark/Repos/gallant-input/gallant_input/synch/mueller_muller.py:71: ComplexWarning: Casting complex values to real discards the imaginary part
  return numpy.asarray(out, dtype=chunk.dtype)
[MM] mu=0.1043 omega=99.8063 (nominal=100.0000, clip=±0.50%) residual_len=0
[TX] Sending - Lorem ipsum dolor sit amet, ___?
[MM] mu=0.8184 omega=99.7899 (nominal=100.0000, clip=±0.50%) residual_len=0
[MM] mu=0.6574 omega=99.7664 (nominal=100.0000, clip=±0.50%) residual_len=0
[MM] mu=0.2227 omega=99.7485 (nominal=100.0000, clip=±0.50%) residual_len=0
[RX] SYNCWORD BER: 0.0
/home/hark/Repos/gallant-input/gallant_input/synch/mueller_muller.py:71: ComplexWarning: Casting complex values to real discards the imaginary part
  return numpy.asarray(out, dtype=chunk.dtype)
[MM] mu=0.5966 omega=99.7816 (nominal=100.0000, clip=±0.50%) residual_len=0
[RX] DATA BER: 0.296875
[RX] Dropping failed checksum
[TX] Sending - Lorem ipsum dolor sit amet, ___?
/home/hark/Repos/gallant-input/gallant_input/synch/mueller_muller.py:71: ComplexWarning: Casting complex values to real discards the imaginary part
  return numpy.asarray(out, dtype=chunk.dtype)
[MM] mu=0.0827 omega=99.7281 (nominal=100.0000, clip=±0.50%) residual_len=0
[MM] mu=0.4735 omega=99.8390 (nominal=100.0000, clip=±0.50%) residual_len=0
[MM] mu=0.7485 omega=99.7758 (nominal=100.0000, clip=±0.50%) residual_len=8
[MM] mu=0.0779 omega=99.7354 (nominal=100.0000, clip=±0.50%) residual_len=0
[RX] SYNCWORD BER: 0.0
/home/hark/Repos/gallant-input/gallant_input/synch/mueller_muller.py:71: ComplexWarning: Casting complex values to real discards the imaginary part
  return numpy.asarray(out, dtype=chunk.dtype)
[MM] mu=0.4062 omega=99.6496 (nominal=100.0000, clip=±0.50%) residual_len=0
[RX] DATA BER: 0.07421875
[RX] Dropping failed checksum
[TX] Sending - Lorem ipsum dolor sit amet, ___?
/home/hark/Repos/gallant-input/gallant_input/synch/mueller_muller.py:71: ComplexWarning: Casting complex values to real discards the imaginary part
  return numpy.asarray(out, dtype=chunk.dtype)
[MM] mu=0.2547 omega=99.5663 (nominal=100.0000, clip=±0.50%) residual_len=1
[MM] mu=0.2048 omega=99.5079 (nominal=100.0000, clip=±0.50%) residual_len=0
[MM] mu=0.0694 omega=99.6183 (nominal=100.0000, clip=±0.50%) residual_len=0
[MM] mu=0.9651 omega=99.5763 (nominal=100.0000, clip=±0.50%) residual_len=16
[RX] SYNCWORD BER: 0.5
/home/hark/Repos/gallant-input/gallant_input/synch/mueller_muller.py:71: ComplexWarning: Casting complex values to real discards the imaginary part
  return numpy.asarray(out, dtype=chunk.dtype)
[MM] mu=0.3187 omega=99.5687 (nominal=100.0000, clip=±0.50%) residual_len=8
[TX] Sending - Lorem ipsum dolor sit amet, ___?
[MM] mu=0.1344 omega=99.6247 (nominal=100.0000, clip=±0.50%) residual_len=1
[MM] mu=0.9898 omega=99.6929 (nominal=100.0000, clip=±0.50%) residual_len=0
[MM] mu=0.0618 omega=99.7480 (nominal=100.0000, clip=±0.50%) residual_len=0
[RX] SYNCWORD BER: 0.15625
[RX] SYNCWORD BER: 0.5
[RX] SYNCWORD BER: 0.625
[RX] SYNCWORD BER: 0.5
/home/hark/Repos/gallant-input/gallant_input/synch/mueller_muller.py:71: ComplexWarning: Casting complex values to real discards the imaginary part
  return numpy.asarray(out, dtype=chunk.dtype)
[MM] mu=0.4083 omega=99.6375 (nominal=100.0000, clip=±0.50%) residual_len=2
[TX] Sending - Lorem ipsum dolor sit amet, ___?
[MM] mu=0.6909 omega=99.6018 (nominal=100.0000, clip=±0.50%) residual_len=0
[MM] mu=0.3841 omega=99.5870 (nominal=100.0000, clip=±0.50%) residual_len=0
[MM] mu=0.6588 omega=99.6203 (nominal=100.0000, clip=±0.50%) residual_len=0
[MM] mu=0.8311 omega=99.5328 (nominal=100.0000, clip=±0.50%) residual_len=0
[RX] SYNCWORD BER: 0.0
/home/hark/Repos/gallant-input/gallant_input/synch/mueller_muller.py:71: ComplexWarning: Casting complex values to real discards the imaginary part
  return numpy.asarray(out, dtype=chunk.dtype)
[MM] mu=0.3118 omega=99.5798 (nominal=100.0000, clip=±0.50%) residual_len=0
[RX] DATA BER: 0.2890625
[RX] Dropping failed checksum
[TX] Sending - Lorem ipsum dolor sit amet, ___?
/home/hark/Repos/gallant-input/gallant_input/synch/mueller_muller.py:71: ComplexWarning: Casting complex values to real discards the imaginary part
  return numpy.asarray(out, dtype=chunk.dtype)
[MM] mu=0.2456 omega=99.8372 (nominal=100.0000, clip=±0.50%) residual_len=0
[MM] mu=0.9318 omega=99.8857 (nominal=100.0000, clip=±0.50%) residual_len=0
[MM] mu=0.9431 omega=100.1607 (nominal=100.0000, clip=±0.50%) residual_len=0
[MM] mu=0.0272 omega=100.1420 (nominal=100.0000, clip=±0.50%) residual_len=0
[RX] SYNCWORD BER: 0.5
[RX] SYNCWORD BER: 0.5
[RX] SYNCWORD BER: 0.40625
[RX] SYNCWORD BER: 0.5625
[RX] SYNCWORD BER: 0.5
[RX] SYNCWORD BER: 0.5
/home/hark/Repos/gallant-input/gallant_input/synch/mueller_muller.py:71: ComplexWarning: Casting complex values to real discards the imaginary part
  return numpy.asarray(out, dtype=chunk.dtype)
[MM] mu=0.1285 omega=100.0850 (nominal=100.0000, clip=±0.50%) residual_len=0
[TX] Sending - Lorem ipsum dolor sit amet, ___?
[MM] mu=0.0993 omega=100.1712 (nominal=100.0000, clip=±0.50%) residual_len=0
[MM] mu=0.1501 omega=100.2051 (nominal=100.0000, clip=±0.50%) residual_len=0
[MM] mu=0.9319 omega=100.2620 (nominal=100.0000, clip=±0.50%) residual_len=0
[RX] SYNCWORD BER: 0.5
[RX] SYNCWORD BER: 0.46875
/home/hark/Repos/gallant-input/gallant_input/synch/mueller_muller.py:71: ComplexWarning: Casting complex values to real discards the imaginary part
  return numpy.asarray(out, dtype=chunk.dtype)
[MM] mu=0.2689 omega=100.1047 (nominal=100.0000, clip=±0.50%) residual_len=0
[MM] mu=0.3277 omega=100.1106 (nominal=100.0000, clip=±0.50%) residual_len=0
[TX] Sending - Lorem ipsum dolor sit amet, ___?
[MM] mu=0.3091 omega=100.0701 (nominal=100.0000, clip=±0.50%) residual_len=4
[MM] mu=0.7860 omega=100.1177 (nominal=100.0000, clip=±0.50%) residual_len=0
[MM] mu=0.2634 omega=100.1108 (nominal=100.0000, clip=±0.50%) residual_len=0
[RX] SYNCWORD BER: 0.0
/home/hark/Repos/gallant-input/gallant_input/synch/mueller_muller.py:71: ComplexWarning: Casting complex values to real discards the imaginary part
  return numpy.asarray(out, dtype=chunk.dtype)
[MM] mu=0.5038 omega=100.1846 (nominal=100.0000, clip=±0.50%) residual_len=0
[RX] DATA BER: 0.0
[RX] Dropping failed checksum
[TX] Sending - Lorem ipsum dolor sit amet, ___?
/home/hark/Repos/gallant-input/gallant_input/synch/mueller_muller.py:71: ComplexWarning: Casting complex values to real discards the imaginary part
  return numpy.asarray(out, dtype=chunk.dtype)
[MM] mu=0.0132 omega=100.0895 (nominal=100.0000, clip=±0.50%) residual_len=0
[MM] mu=0.4091 omega=99.9484 (nominal=100.0000, clip=±0.50%) residual_len=13
[MM] mu=0.7379 omega=99.8660 (nominal=100.0000, clip=±0.50%) residual_len=0
[MM] mu=0.4375 omega=99.8126 (nominal=100.0000, clip=±0.50%) residual_len=0
[RX] SYNCWORD BER: 0.0
/home/hark/Repos/gallant-input/gallant_input/synch/mueller_muller.py:71: ComplexWarning: Casting complex values to real discards the imaginary part
  return numpy.asarray(out, dtype=chunk.dtype)
[MM] mu=0.8794 omega=99.7098 (nominal=100.0000, clip=±0.50%) residual_len=0
[RX] DATA BER: 0.0
[RX] Dropping failed checksum
[TX] Sending - Lorem ipsum dolor sit amet, ___?
/home/hark/Repos/gallant-input/gallant_input/synch/mueller_muller.py:71: ComplexWarning: Casting complex values to real discards the imaginary part
  return numpy.asarray(out, dtype=chunk.dtype)
[MM] mu=0.2104 omega=99.7057 (nominal=100.0000, clip=±0.50%) residual_len=0
[MM] mu=0.3579 omega=99.7863 (nominal=100.0000, clip=±0.50%) residual_len=0
[MM] mu=0.7859 omega=99.7478 (nominal=100.0000, clip=±0.50%) residual_len=0
[MM] mu=0.4359 omega=99.6109 (nominal=100.0000, clip=±0.50%) residual_len=0
[RX] SYNCWORD BER: 0.4375
[RX] SYNCWORD BER: 0.5625
[RX] SYNCWORD BER: 0.59375
[RX] SYNCWORD BER: 0.5
[RX] SYNCWORD BER: 0.5625
/home/hark/Repos/gallant-input/gallant_input/synch/mueller_muller.py:71: ComplexWarning: Casting complex values to real discards the imaginary part
  return numpy.asarray(out, dtype=chunk.dtype)
[MM] mu=0.2599 omega=99.5685 (nominal=100.0000, clip=±0.50%) residual_len=0
[TX] Sending - Lorem ipsum dolor sit amet, ___?
[MM] mu=0.5742 omega=99.5078 (nominal=100.0000, clip=±0.50%) residual_len=0
[MM] mu=0.5694 omega=99.5011 (nominal=100.0000, clip=±0.50%) residual_len=0
[MM] mu=0.8221 omega=99.5109 (nominal=100.0000, clip=±0.50%) residual_len=0
[RX] SYNCWORD BER: 0.0
/home/hark/Repos/gallant-input/gallant_input/synch/mueller_muller.py:71: ComplexWarning: Casting complex values to real discards the imaginary part
  return numpy.asarray(out, dtype=chunk.dtype)
[MM] mu=0.9871 omega=99.5074 (nominal=100.0000, clip=±0.50%) residual_len=0
[RX] DATA BER: 0.30859375
[RX] Dropping failed checksum
[TX] Sending - Lorem ipsum dolor sit amet, ___?
/home/hark/Repos/gallant-input/gallant_input/synch/mueller_muller.py:71: ComplexWarning: Casting complex values to real discards the imaginary part
  return numpy.asarray(out, dtype=chunk.dtype)
[MM] mu=0.3658 omega=99.7293 (nominal=100.0000, clip=±0.50%) residual_len=0
[MM] mu=0.3503 omega=99.8293 (nominal=100.0000, clip=±0.50%) residual_len=6
[MM] mu=0.5303 omega=99.8841 (nominal=100.0000, clip=±0.50%) residual_len=0
[MM] mu=0.7901 omega=99.8546 (nominal=100.0000, clip=±0.50%) residual_len=0
[RX] SYNCWORD BER: 0.0
/home/hark/Repos/gallant-input/gallant_input/synch/mueller_muller.py:71: ComplexWarning: Casting complex values to real discards the imaginary part
  return numpy.asarray(out, dtype=chunk.dtype)
[MM] mu=0.2699 omega=99.9178 (nominal=100.0000, clip=±0.50%) residual_len=0
[RX] DATA BER: 0.0
[RX] Dropping failed checksum
[TX] Sending - Lorem ipsum dolor sit amet, ___?
/home/hark/Repos/gallant-input/gallant_input/synch/mueller_muller.py:71: ComplexWarning: Casting complex values to real discards the imaginary part
  return numpy.asarray(out, dtype=chunk.dtype)
[MM] mu=0.1671 omega=99.8741 (nominal=100.0000, clip=±0.50%) residual_len=0
[MM] mu=0.2768 omega=99.5525 (nominal=100.0000, clip=±0.50%) residual_len=0
[MM] mu=0.4344 omega=99.5216 (nominal=100.0000, clip=±0.50%) residual_len=0
[MM] mu=0.0099 omega=99.5059 (nominal=100.0000, clip=±0.50%) residual_len=10
[RX] SYNCWORD BER: 0.0
[RX] DATA BER: 0.30078125
[RX] Dropping failed checksum
/home/hark/Repos/gallant-input/gallant_input/synch/mueller_muller.py:71: ComplexWarning: Casting complex values to real discards the imaginary part
  return numpy.asarray(out, dtype=chunk.dtype)
[MM] mu=0.0017 omega=99.7883 (nominal=100.0000, clip=±0.50%) residual_len=2
[TX] Sending - Lorem ipsum dolor sit amet, ___?
[MM] mu=0.3947 omega=99.8188 (nominal=100.0000, clip=±0.50%) residual_len=0
[MM] mu=0.5320 omega=99.8214 (nominal=100.0000, clip=±0.50%) residual_len=0
[MM] mu=0.3511 omega=99.7064 (nominal=100.0000, clip=±0.50%) residual_len=0
[MM] mu=0.9702 omega=99.7643 (nominal=100.0000, clip=±0.50%) residual_len=8
[TX] Sending - Lorem ipsum dolor sit amet, ___?
[MM] mu=0.2871 omega=99.7517 (nominal=100.0000, clip=±0.50%) residual_len=0
[MM] mu=0.9853 omega=99.6769 (nominal=100.0000, clip=±0.50%) residual_len=0
[MM] mu=0.0388 omega=99.6511 (nominal=100.0000, clip=±0.50%) residual_len=0
[MM] mu=0.5265 omega=99.5039 (nominal=100.0000, clip=±0.50%) residual_len=0
[MM] mu=0.9896 omega=99.5000 (nominal=100.0000, clip=±0.50%) residual_len=2
[TX] Sending - Lorem ipsum dolor sit amet, ___?
[MM] mu=0.3624 omega=99.5000 (nominal=100.0000, clip=±0.50%) residual_len=0
[MM] mu=0.8024 omega=99.5166 (nominal=100.0000, clip=±0.50%) residual_len=7
[MM] mu=0.7601 omega=99.6753 (nominal=100.0000, clip=±0.50%) residual_len=0
[MM] mu=0.2331 omega=99.6756 (nominal=100.0000, clip=±0.50%) residual_len=11
[RX] SYNCWORD BER: 0.0
/home/hark/Repos/gallant-input/gallant_input/synch/mueller_muller.py:71: ComplexWarning: Casting complex values to real discards the imaginary part
  return numpy.asarray(out, dtype=chunk.dtype)
[MM] mu=0.3985 omega=99.6570 (nominal=100.0000, clip=±0.50%) residual_len=0
[RX] DATA BER: 0.23828125
[RX] Dropping failed checksum
[TX] Sending - Lorem ipsum dolor sit amet, ___?
/home/hark/Repos/gallant-input/gallant_input/synch/mueller_muller.py:71: ComplexWarning: Casting complex values to real discards the imaginary part
  return numpy.asarray(out, dtype=chunk.dtype)
[MM] mu=0.7072 omega=99.7130 (nominal=100.0000, clip=±0.50%) residual_len=13
[MM] mu=0.3596 omega=99.7772 (nominal=100.0000, clip=±0.50%) residual_len=0
[MM] mu=0.8783 omega=99.8363 (nominal=100.0000, clip=±0.50%) residual_len=0
[RX] SYNCWORD BER: 0.0
/home/hark/Repos/gallant-input/gallant_input/synch/mueller_muller.py:71: ComplexWarning: Casting complex values to real discards the imaginary part
  return numpy.asarray(out, dtype=chunk.dtype)
[MM] mu=0.4404 omega=99.7517 (nominal=100.0000, clip=±0.50%) residual_len=9
[RX] DATA BER: 0.05859375
[RX] Dropping failed checksum
/home/hark/Repos/gallant-input/gallant_input/synch/mueller_muller.py:71: ComplexWarning: Casting complex values to real discards the imaginary part
  return numpy.asarray(out, dtype=chunk.dtype)
[MM] mu=0.7379 omega=99.9369 (nominal=100.0000, clip=±0.50%) residual_len=11
[TX] Sending - Lorem ipsum dolor sit amet, ___?
[MM] mu=0.0230 omega=99.9200 (nominal=100.0000, clip=±0.50%) residual_len=0
[MM] mu=0.0242 omega=99.8841 (nominal=100.0000, clip=±0.50%) residual_len=0
[MM] mu=0.6199 omega=99.7620 (nominal=100.0000, clip=±0.50%) residual_len=0
[RX] SYNCWORD BER: 0.0
/home/hark/Repos/gallant-input/gallant_input/synch/mueller_muller.py:71: ComplexWarning: Casting complex values to real discards the imaginary part
  return numpy.asarray(out, dtype=chunk.dtype)
[MM] mu=0.8762 omega=99.8251 (nominal=100.0000, clip=±0.50%) residual_len=0
[RX] DATA BER: 0.14453125
[RX] Dropping failed checksum
[TX] Sending - Lorem ipsum dolor sit amet, ___?
/home/hark/Repos/gallant-input/gallant_input/synch/mueller_muller.py:71: ComplexWarning: Casting complex values to real discards the imaginary part
  return numpy.asarray(out, dtype=chunk.dtype)
[MM] mu=0.1786 omega=99.8171 (nominal=100.0000, clip=±0.50%) residual_len=0
[MM] mu=0.7416 omega=99.8054 (nominal=100.0000, clip=±0.50%) residual_len=0
[MM] mu=0.6797 omega=99.9659 (nominal=100.0000, clip=±0.50%) residual_len=0
[MM] mu=0.0771 omega=99.9064 (nominal=100.0000, clip=±0.50%) residual_len=0
[RX] SYNCWORD BER: 0.21875
[RX] SYNCWORD BER: 0.53125
[RX] SYNCWORD BER: 0.34375
[RX] SYNCWORD BER: 0.5
[RX] SYNCWORD BER: 0.4375
[RX] SYNCWORD BER: 0.5
[RX] SYNCWORD BER: 0.53125
/home/hark/Repos/gallant-input/gallant_input/synch/mueller_muller.py:71: ComplexWarning: Casting complex values to real discards the imaginary part
  return numpy.asarray(out, dtype=chunk.dtype)
[MM] mu=0.1278 omega=99.7810 (nominal=100.0000, clip=±0.50%) residual_len=0
[TX] Sending - Lorem ipsum dolor sit amet, ___?
[MM] mu=0.4192 omega=99.8250 (nominal=100.0000, clip=±0.50%) residual_len=0
[MM] mu=0.2150 omega=99.8643 (nominal=100.0000, clip=±0.50%) residual_len=0
[MM] mu=0.5494 omega=99.9077 (nominal=100.0000, clip=±0.50%) residual_len=0
[MM] mu=0.6698 omega=99.9103 (nominal=100.0000, clip=±0.50%) residual_len=14
[RX] SYNCWORD BER: 0.09375
/home/hark/Repos/gallant-input/gallant_input/synch/mueller_muller.py:71: ComplexWarning: Casting complex values to real discards the imaginary part
  return numpy.asarray(out, dtype=chunk.dtype)
[MM] mu=0.2763 omega=99.6542 (nominal=100.0000, clip=±0.50%) residual_len=16
[TX] Sending - Lorem ipsum dolor sit amet, ___?
[MM] mu=0.7925 omega=99.5647 (nominal=100.0000, clip=±0.50%) residual_len=0
[MM] mu=0.4272 omega=99.6591 (nominal=100.0000, clip=±0.50%) residual_len=6
[MM] mu=0.0918 omega=99.5310 (nominal=100.0000, clip=±0.50%) residual_len=0
[MM] mu=0.2267 omega=99.5150 (nominal=100.0000, clip=±0.50%) residual_len=0
[TX] Sending - Lorem ipsum dolor sit amet, ___?
[MM] mu=0.4056 omega=99.9888 (nominal=100.0000, clip=±0.50%) residual_len=0
[MM] mu=0.7489 omega=99.8476 (nominal=100.0000, clip=±0.50%) residual_len=0
[MM] mu=0.5911 omega=99.7026 (nominal=100.0000, clip=±0.50%) residual_len=0
[MM] mu=0.2903 omega=99.6330 (nominal=100.0000, clip=±0.50%) residual_len=0
[MM] mu=0.9579 omega=99.5070 (nominal=100.0000, clip=±0.50%) residual_len=16
[TX] Sending - Lorem ipsum dolor sit amet, ___?
[MM] mu=0.9460 omega=99.6462 (nominal=100.0000, clip=±0.50%) residual_len=0
[MM] mu=0.5394 omega=99.6169 (nominal=100.0000, clip=±0.50%) residual_len=0
[MM] mu=0.4224 omega=99.5467 (nominal=100.0000, clip=±0.50%) residual_len=3
[MM] mu=0.3033 omega=99.5145 (nominal=100.0000, clip=±0.50%) residual_len=6
[RX] SYNCWORD BER: 0.0625
[RX] SYNCWORD BER: 0.5625
[RX] SYNCWORD BER: 0.4375
[RX] SYNCWORD BER: 0.53125
[RX] SYNCWORD BER: 0.40625
/home/hark/Repos/gallant-input/gallant_input/synch/mueller_muller.py:71: ComplexWarning: Casting complex values to real discards the imaginary part
  return numpy.asarray(out, dtype=chunk.dtype)
[MM] mu=0.6905 omega=99.5273 (nominal=100.0000, clip=±0.50%) residual_len=0
[TX] Sending - Lorem ipsum dolor sit amet, ___?
[MM] mu=0.6778 omega=99.6409 (nominal=100.0000, clip=±0.50%) residual_len=15
[MM] mu=0.9903 omega=99.6307 (nominal=100.0000, clip=±0.50%) residual_len=11
[MM] mu=0.8170 omega=99.6204 (nominal=100.0000, clip=±0.50%) residual_len=11
[MM] mu=0.0454 omega=99.6452 (nominal=100.0000, clip=±0.50%) residual_len=0
[MM] mu=0.1715 omega=99.7293 (nominal=100.0000, clip=±0.50%) residual_len=0
[TX] Sending - Lorem ipsum dolor sit amet, ___?
[MM] mu=0.7729 omega=99.6538 (nominal=100.0000, clip=±0.50%) residual_len=0
[MM] mu=0.7422 omega=99.6470 (nominal=100.0000, clip=±0.50%) residual_len=0
[MM] mu=0.2244 omega=99.5899 (nominal=100.0000, clip=±0.50%) residual_len=0
[RX] SYNCWORD BER: 0.0
/home/hark/Repos/gallant-input/gallant_input/synch/mueller_muller.py:71: ComplexWarning: Casting complex values to real discards the imaginary part
  return numpy.asarray(out, dtype=chunk.dtype)
[MM] mu=0.7154 omega=99.5550 (nominal=100.0000, clip=±0.50%) residual_len=0
[RX] DATA BER: 0.24609375
[RX] Dropping failed checksum
[TX] Sending - Lorem ipsum dolor sit amet, ___?
/home/hark/Repos/gallant-input/gallant_input/synch/mueller_muller.py:71: ComplexWarning: Casting complex values to real discards the imaginary part
  return numpy.asarray(out, dtype=chunk.dtype)
[MM] mu=0.6845 omega=99.6790 (nominal=100.0000, clip=±0.50%) residual_len=0
[MM] mu=0.3119 omega=99.5907 (nominal=100.0000, clip=±0.50%) residual_len=0
[MM] mu=0.9525 omega=99.5128 (nominal=100.0000, clip=±0.50%) residual_len=0
[MM] mu=0.9931 omega=99.5001 (nominal=100.0000, clip=±0.50%) residual_len=1
[RX] SYNCWORD BER: 0.0
/home/hark/Repos/gallant-input/gallant_input/synch/mueller_muller.py:71: ComplexWarning: Casting complex values to real discards the imaginary part
  return numpy.asarray(out, dtype=chunk.dtype)
[MM] mu=0.7121 omega=99.5783 (nominal=100.0000, clip=±0.50%) residual_len=0
[RX] DATA BER: 0.3515625
[RX] Dropping failed checksum
[TX] Sending - Lorem ipsum dolor sit amet, ___?
/home/hark/Repos/gallant-input/gallant_input/synch/mueller_muller.py:71: ComplexWarning: Casting complex values to real discards the imaginary part
  return numpy.asarray(out, dtype=chunk.dtype)
[MM] mu=0.8662 omega=99.6372 (nominal=100.0000, clip=±0.50%) residual_len=0
[MM] mu=0.1361 omega=99.6154 (nominal=100.0000, clip=±0.50%) residual_len=0
[MM] mu=0.0513 omega=99.6593 (nominal=100.0000, clip=±0.50%) residual_len=0
[MM] mu=0.0125 omega=99.6505 (nominal=100.0000, clip=±0.50%) residual_len=0
[RX] SYNCWORD BER: 0.46875
[RX] SYNCWORD BER: 0.53125
[RX] SYNCWORD BER: 0.5625
[RX] SYNCWORD BER: 0.5
[RX] SYNCWORD BER: 0.5625
/home/hark/Repos/gallant-input/gallant_input/synch/mueller_muller.py:71: ComplexWarning: Casting complex values to real discards the imaginary part
  return numpy.asarray(out, dtype=chunk.dtype)
[MM] mu=0.1652 omega=99.9113 (nominal=100.0000, clip=±0.50%) residual_len=16
[TX] Sending - Lorem ipsum dolor sit amet, ___?
[MM] mu=0.5741 omega=99.8280 (nominal=100.0000, clip=±0.50%) residual_len=7
[MM] mu=0.3653 omega=99.7286 (nominal=100.0000, clip=±0.50%) residual_len=0
[MM] mu=0.3657 omega=99.6654 (nominal=100.0000, clip=±0.50%) residual_len=13
[RX] SYNCWORD BER: 0.0
/home/hark/Repos/gallant-input/gallant_input/synch/mueller_muller.py:71: ComplexWarning: Casting complex values to real discards the imaginary part
  return numpy.asarray(out, dtype=chunk.dtype)
[MM] mu=0.4517 omega=99.7053 (nominal=100.0000, clip=±0.50%) residual_len=0
[RX] DATA BER: 0.22265625
[RX] Dropping failed checksum
[TX] Sending - Lorem ipsum dolor sit amet, ___?
/home/hark/Repos/gallant-input/gallant_input/synch/mueller_muller.py:71: ComplexWarning: Casting complex values to real discards the imaginary part
  return numpy.asarray(out, dtype=chunk.dtype)
[MM] mu=0.8740 omega=99.6942 (nominal=100.0000, clip=±0.50%) residual_len=0
[MM] mu=0.3029 omega=99.7080 (nominal=100.0000, clip=±0.50%) residual_len=0
[MM] mu=0.6429 omega=99.7295 (nominal=100.0000, clip=±0.50%) residual_len=0
[MM] mu=0.8962 omega=99.7743 (nominal=100.0000, clip=±0.50%) residual_len=0
[RX] SYNCWORD BER: 0.0
/home/hark/Repos/gallant-input/gallant_input/synch/mueller_muller.py:71: ComplexWarning: Casting complex values to real discards the imaginary part
  return numpy.asarray(out, dtype=chunk.dtype)
[MM] mu=0.8742 omega=99.6845 (nominal=100.0000, clip=±0.50%) residual_len=0
[RX] DATA BER: 0.12890625
[RX] Dropping failed checksum
[TX] Sending - Lorem ipsum dolor sit amet, ___?
/home/hark/Repos/gallant-input/gallant_input/synch/mueller_muller.py:71: ComplexWarning: Casting complex values to real discards the imaginary part
  return numpy.asarray(out, dtype=chunk.dtype)
[MM] mu=0.7402 omega=99.7214 (nominal=100.0000, clip=±0.50%) residual_len=0
[MM] mu=0.3793 omega=99.8019 (nominal=100.0000, clip=±0.50%) residual_len=0
[MM] mu=0.2614 omega=99.7927 (nominal=100.0000, clip=±0.50%) residual_len=0
[MM] mu=0.0269 omega=99.8542 (nominal=100.0000, clip=±0.50%) residual_len=0
[RX] SYNCWORD BER: 0.0
[RX] DATA BER: 0.0078125
[RX] Dropping failed checksum
/home/hark/Repos/gallant-input/gallant_input/synch/mueller_muller.py:71: ComplexWarning: Casting complex values to real discards the imaginary part
  return numpy.asarray(out, dtype=chunk.dtype)
[MM] mu=0.6764 omega=99.8915 (nominal=100.0000, clip=±0.50%) residual_len=6
[TX] Sending - Lorem ipsum dolor sit amet, ___?
[MM] mu=0.4249 omega=99.9994 (nominal=100.0000, clip=±0.50%) residual_len=0
[MM] mu=0.8413 omega=100.0317 (nominal=100.0000, clip=±0.50%) residual_len=11
[MM] mu=0.3794 omega=100.0937 (nominal=100.0000, clip=±0.50%) residual_len=0
[RX] SYNCWORD BER: 0.46875
[RX] SYNCWORD BER: 0.53125
[RX] SYNCWORD BER: 0.5
[RX] SYNCWORD BER: 0.5
[RX] SYNCWORD BER: 0.5
[RX] SYNCWORD BER: 0.5
/home/hark/Repos/gallant-input/gallant_input/synch/mueller_muller.py:71: ComplexWarning: Casting complex values to real discards the imaginary part
  return numpy.asarray(out, dtype=chunk.dtype)
[MM] mu=0.1814 omega=100.0506 (nominal=100.0000, clip=±0.50%) residual_len=0
[TX] Sending - Lorem ipsum dolor sit amet, ___?
[MM] mu=0.7718 omega=100.1553 (nominal=100.0000, clip=±0.50%) residual_len=0
[MM] mu=0.6955 omega=100.2127 (nominal=100.0000, clip=±0.50%) residual_len=0
[MM] mu=0.8435 omega=100.2462 (nominal=100.0000, clip=±0.50%) residual_len=0
[MM] mu=0.5913 omega=99.9321 (nominal=100.0000, clip=±0.50%) residual_len=0
[RX] SYNCWORD BER: 0.21875
[RX] SYNCWORD BER: 0.53125
[RX] SYNCWORD BER: 0.34375
[RX] SYNCWORD BER: 0.5
[RX] SYNCWORD BER: 0.4375
[RX] SYNCWORD BER: 0.5
[RX] SYNCWORD BER: 0.53125
/home/hark/Repos/gallant-input/gallant_input/synch/mueller_muller.py:71: ComplexWarning: Casting complex values to real discards the imaginary part
  return numpy.asarray(out, dtype=chunk.dtype)
[MM] mu=0.5860 omega=99.9229 (nominal=100.0000, clip=±0.50%) residual_len=0
[TX] Sending - Lorem ipsum dolor sit amet, ___?
[MM] mu=0.2754 omega=99.8824 (nominal=100.0000, clip=±0.50%) residual_len=0
[MM] mu=0.2249 omega=99.9043 (nominal=100.0000, clip=±0.50%) residual_len=0
[MM] mu=0.7349 omega=99.9093 (nominal=100.0000, clip=±0.50%) residual_len=14
[MM] mu=0.8740 omega=99.8779 (nominal=100.0000, clip=±0.50%) residual_len=0
[RX] SYNCWORD BER: 0.0
/home/hark/Repos/gallant-input/gallant_input/synch/mueller_muller.py:71: ComplexWarning: Casting complex values to real discards the imaginary part
  return numpy.asarray(out, dtype=chunk.dtype)
[MM] mu=0.6123 omega=99.8332 (nominal=100.0000, clip=±0.50%) residual_len=0
[RX] DATA BER: 0.0078125
[RX] Dropping failed checksum
[TX] Sending - Lorem ipsum dolor sit amet, ___?
/home/hark/Repos/gallant-input/gallant_input/synch/mueller_muller.py:71: ComplexWarning: Casting complex values to real discards the imaginary part
  return numpy.asarray(out, dtype=chunk.dtype)
[MM] mu=0.3405 omega=99.8968 (nominal=100.0000, clip=±0.50%) residual_len=0
[MM] mu=0.2139 omega=100.0676 (nominal=100.0000, clip=±0.50%) residual_len=0
[MM] mu=0.3355 omega=100.0434 (nominal=100.0000, clip=±0.50%) residual_len=14
[RX] SYNCWORD BER: 0.0
/home/hark/Repos/gallant-input/gallant_input/synch/mueller_muller.py:71: ComplexWarning: Casting complex values to real discards the imaginary part
  return numpy.asarray(out, dtype=chunk.dtype)
[MM] mu=0.5522 omega=100.1127 (nominal=100.0000, clip=±0.50%) residual_len=0
[RX] DATA BER: 0.0

[RX] Received: Lorem ipsum dolor sit amet, ___?

/home/hark/Repos/gallant-input/gallant_input/synch/mueller_muller.py:71: ComplexWarning: Casting complex values to real discards the imaginary part
  return numpy.asarray(out, dtype=chunk.dtype)
[MM] mu=0.7390 omega=100.2598 (nominal=100.0000, clip=±0.50%) residual_len=0
[TX] Sending - Lorem ipsum dolor sit amet, ___?
[MM] mu=0.2469 omega=100.2114 (nominal=100.0000, clip=±0.50%) residual_len=0
[MM] mu=0.1047 omega=100.3158 (nominal=100.0000, clip=±0.50%) residual_len=0
[MM] mu=0.8779 omega=100.2505 (nominal=100.0000, clip=±0.50%) residual_len=0
[MM] mu=0.1184 omega=100.2132 (nominal=100.0000, clip=±0.50%) residual_len=0
[TX] Sending - Lorem ipsum dolor sit amet, ___?
[MM] mu=0.5499 omega=100.1996 (nominal=100.0000, clip=±0.50%) residual_len=0
[MM] mu=0.1149 omega=100.0942 (nominal=100.0000, clip=±0.50%) residual_len=0
[MM] mu=0.8616 omega=99.9455 (nominal=100.0000, clip=±0.50%) residual_len=0
[MM] mu=0.1363 omega=99.9605 (nominal=100.0000, clip=±0.50%) residual_len=0
[RX] SYNCWORD BER: 0.0
/home/hark/Repos/gallant-input/gallant_input/synch/mueller_muller.py:71: ComplexWarning: Casting complex values to real discards the imaginary part
  return numpy.asarray(out, dtype=chunk.dtype)
[MM] mu=0.2275 omega=99.7869 (nominal=100.0000, clip=±0.50%) residual_len=13
[RX] DATA BER: 0.0
[RX] Dropping failed checksum
[TX] Sending - Lorem ipsum dolor sit amet, ___?
/home/hark/Repos/gallant-input/gallant_input/synch/mueller_muller.py:71: ComplexWarning: Casting complex values to real discards the imaginary part
  return numpy.asarray(out, dtype=chunk.dtype)
[MM] mu=0.0480 omega=99.9423 (nominal=100.0000, clip=±0.50%) residual_len=0
[MM] mu=0.9229 omega=99.9885 (nominal=100.0000, clip=±0.50%) residual_len=0
[MM] mu=0.4910 omega=100.1156 (nominal=100.0000, clip=±0.50%) residual_len=0
[MM] mu=0.0754 omega=100.0678 (nominal=100.0000, clip=±0.50%) residual_len=0
[RX] SYNCWORD BER: 0.5
[RX] SYNCWORD BER: 0.4375
[RX] SYNCWORD BER: 0.5
[RX] SYNCWORD BER: 0.5
[RX] SYNCWORD BER: 0.5
/home/hark/Repos/gallant-input/gallant_input/synch/mueller_muller.py:71: ComplexWarning: Casting complex values to real discards the imaginary part
  return numpy.asarray(out, dtype=chunk.dtype)
[MM] mu=0.5897 omega=100.0195 (nominal=100.0000, clip=±0.50%) residual_len=0
[TX] Sending - Lorem ipsum dolor sit amet, ___?
[MM] mu=0.3996 omega=100.0816 (nominal=100.0000, clip=±0.50%) residual_len=9
[MM] mu=0.5369 omega=100.0119 (nominal=100.0000, clip=±0.50%) residual_len=0
[MM] mu=0.1840 omega=99.9256 (nominal=100.0000, clip=±0.50%) residual_len=0
[RX] SYNCWORD BER: 0.0
/home/hark/Repos/gallant-input/gallant_input/synch/mueller_muller.py:71: ComplexWarning: Casting complex values to real discards the imaginary part
  return numpy.asarray(out, dtype=chunk.dtype)
[MM] mu=0.5236 omega=99.8868 (nominal=100.0000, clip=±0.50%) residual_len=9
[RX] DATA BER: 0.0
[RX] Dropping failed checksum
[TX] Sending - Lorem ipsum dolor sit amet, ___?
/home/hark/Repos/gallant-input/gallant_input/synch/mueller_muller.py:71: ComplexWarning: Casting complex values to real discards the imaginary part
  return numpy.asarray(out, dtype=chunk.dtype)
[MM] mu=0.1791 omega=100.0555 (nominal=100.0000, clip=±0.50%) residual_len=0
[MM] mu=0.9957 omega=100.0566 (nominal=100.0000, clip=±0.50%) residual_len=0
[MM] mu=0.6637 omega=100.0337 (nominal=100.0000, clip=±0.50%) residual_len=0
[MM] mu=0.9861 omega=99.9274 (nominal=100.0000, clip=±0.50%) residual_len=0
[RX] SYNCWORD BER: 0.21875
[RX] SYNCWORD BER: 0.53125
[RX] SYNCWORD BER: 0.34375
[RX] SYNCWORD BER: 0.5
[RX] SYNCWORD BER: 0.4375
[RX] SYNCWORD BER: 0.5
/home/hark/Repos/gallant-input/gallant_input/synch/mueller_muller.py:71: ComplexWarning: Casting complex values to real discards the imaginary part
  return numpy.asarray(out, dtype=chunk.dtype)
[MM] mu=0.1664 omega=99.7970 (nominal=100.0000, clip=±0.50%) residual_len=0
[TX] Sending - Lorem ipsum dolor sit amet, ___?
[MM] mu=0.8991 omega=99.7783 (nominal=100.0000, clip=±0.50%) residual_len=0
[MM] mu=0.6418 omega=99.8876 (nominal=100.0000, clip=±0.50%) residual_len=0
[MM] mu=0.8796 omega=99.8814 (nominal=100.0000, clip=±0.50%) residual_len=11
[MM] mu=0.9517 omega=99.7605 (nominal=100.0000, clip=±0.50%) residual_len=0
[RX] SYNCWORD BER: 0.0
[RX] DATA BER: 0.19921875
[RX] Dropping failed checksum
/home/hark/Repos/gallant-input/gallant_input/synch/mueller_muller.py:71: ComplexWarning: Casting complex values to real discards the imaginary part
  return numpy.asarray(out, dtype=chunk.dtype)
[MM] mu=0.4772 omega=99.9179 (nominal=100.0000, clip=±0.50%) residual_len=0
[TX] Sending - Lorem ipsum dolor sit amet, ___?
[MM] mu=0.1359 omega=100.1533 (nominal=100.0000, clip=±0.50%) residual_len=0
[MM] mu=0.6764 omega=100.2448 (nominal=100.0000, clip=±0.50%) residual_len=0
[MM] mu=0.6579 omega=100.2401 (nominal=100.0000, clip=±0.50%) residual_len=0
[RX] SYNCWORD BER: 0.0
/home/hark/Repos/gallant-input/gallant_input/synch/mueller_muller.py:71: ComplexWarning: Casting complex values to real discards the imaginary part
  return numpy.asarray(out, dtype=chunk.dtype)
[MM] mu=0.2727 omega=100.2827 (nominal=100.0000, clip=±0.50%) residual_len=0
[RX] DATA BER: 0.0
[RX] Dropping failed checksum
/home/hark/Repos/gallant-input/gallant_input/synch/mueller_muller.py:71: ComplexWarning: Casting complex values to real discards the imaginary part
  return numpy.asarray(out, dtype=chunk.dtype)
[MM] mu=0.9390 omega=100.2641 (nominal=100.0000, clip=±0.50%) residual_len=12
[TX] Sending - Lorem ipsum dolor sit amet, ___?
[MM] mu=0.1502 omega=100.2552 (nominal=100.0000, clip=±0.50%) residual_len=0
[MM] mu=0.2219 omega=100.1821 (nominal=100.0000, clip=±0.50%) residual_len=0
[MM] mu=0.4397 omega=100.1647 (nominal=100.0000, clip=±0.50%) residual_len=0
[MM] mu=0.1876 omega=100.0815 (nominal=100.0000, clip=±0.50%) residual_len=0
[TX] Sending - Lorem ipsum dolor sit amet, ___?
[MM] mu=0.8146 omega=100.0515 (nominal=100.0000, clip=±0.50%) residual_len=0
[MM] mu=0.4858 omega=99.9484 (nominal=100.0000, clip=±0.50%) residual_len=9
[MM] mu=0.9081 omega=100.0823 (nominal=100.0000, clip=±0.50%) residual_len=6
[MM] mu=0.5653 omega=100.0974 (nominal=100.0000, clip=±0.50%) residual_len=0
[RX] SYNCWORD BER: 0.0
/home/hark/Repos/gallant-input/gallant_input/synch/mueller_muller.py:71: ComplexWarning: Casting complex values to real discards the imaginary part
  return numpy.asarray(out, dtype=chunk.dtype)
[MM] mu=0.6958 omega=100.0156 (nominal=100.0000, clip=±0.50%) residual_len=14
[RX] DATA BER: 0.0
[RX] Dropping failed checksum
[TX] Sending - Lorem ipsum dolor sit amet, ___?
/home/hark/Repos/gallant-input/gallant_input/synch/mueller_muller.py:71: ComplexWarning: Casting complex values to real discards the imaginary part
  return numpy.asarray(out, dtype=chunk.dtype)
[MM] mu=0.2773 omega=100.0727 (nominal=100.0000, clip=±0.50%) residual_len=0
[MM] mu=0.5310 omega=100.0761 (nominal=100.0000, clip=±0.50%) residual_len=0
[MM] mu=0.0626 omega=100.1654 (nominal=100.0000, clip=±0.50%) residual_len=6
[MM] mu=0.3300 omega=100.1755 (nominal=100.0000, clip=±0.50%) residual_len=0
[MM] mu=0.2819 omega=100.2321 (nominal=100.0000, clip=±0.50%) residual_len=3
[TX] Sending - Lorem ipsum dolor sit amet, ___?
[MM] mu=0.5867 omega=99.8298 (nominal=100.0000, clip=±0.50%) residual_len=0
[MM] mu=0.7839 omega=99.6705 (nominal=100.0000, clip=±0.50%) residual_len=0
[MM] mu=0.8018 omega=99.7009 (nominal=100.0000, clip=±0.50%) residual_len=0
[RX] SYNCWORD BER: 0.0
/home/hark/Repos/gallant-input/gallant_input/synch/mueller_muller.py:71: ComplexWarning: Casting complex values to real discards the imaginary part
  return numpy.asarray(out, dtype=chunk.dtype)
[MM] mu=0.0433 omega=99.7427 (nominal=100.0000, clip=±0.50%) residual_len=0
[RX] DATA BER: 0.23046875
[RX] Dropping failed checksum
[TX] Sending - Lorem ipsum dolor sit amet, ___?
/home/hark/Repos/gallant-input/gallant_input/synch/mueller_muller.py:71: ComplexWarning: Casting complex values to real discards the imaginary part
  return numpy.asarray(out, dtype=chunk.dtype)
[MM] mu=0.4533 omega=99.7297 (nominal=100.0000, clip=±0.50%) residual_len=0
[MM] mu=0.0255 omega=99.6437 (nominal=100.0000, clip=±0.50%) residual_len=0
[MM] mu=0.9886 omega=99.6241 (nominal=100.0000, clip=±0.50%) residual_len=0
[MM] mu=0.8018 omega=99.6182 (nominal=100.0000, clip=±0.50%) residual_len=0
[MM] mu=0.7416 omega=99.5083 (nominal=100.0000, clip=±0.50%) residual_len=0
[TX] Sending - Lorem ipsum dolor sit amet, ___?
[MM] mu=0.4286 omega=99.6708 (nominal=100.0000, clip=±0.50%) residual_len=6
[MM] mu=0.2127 omega=99.6978 (nominal=100.0000, clip=±0.50%) residual_len=0
[MM] mu=0.3585 omega=99.6798 (nominal=100.0000, clip=±0.50%) residual_len=0
[MM] mu=0.8779 omega=99.6792 (nominal=100.0000, clip=±0.50%) residual_len=0
[MM] mu=0.0539 omega=99.7874 (nominal=100.0000, clip=±0.50%) residual_len=0
[TX] Sending - Lorem ipsum dolor sit amet, ___?
[MM] mu=0.7606 omega=99.9813 (nominal=100.0000, clip=±0.50%) residual_len=0
[MM] mu=0.3125 omega=100.0349 (nominal=100.0000, clip=±0.50%) residual_len=0
[MM] mu=0.7399 omega=100.0022 (nominal=100.0000, clip=±0.50%) residual_len=0
[MM] mu=0.6069 omega=100.1440 (nominal=100.0000, clip=±0.50%) residual_len=0
[TX] Sending - Lorem ipsum dolor sit amet, ___?
[MM] mu=0.9596 omega=100.1783 (nominal=100.0000, clip=±0.50%) residual_len=0
[MM] mu=0.9593 omega=100.1265 (nominal=100.0000, clip=±0.50%) residual_len=0
[MM] mu=0.0927 omega=100.0950 (nominal=100.0000, clip=±0.50%) residual_len=0
[MM] mu=0.9087 omega=100.0680 (nominal=100.0000, clip=±0.50%) residual_len=0
[RX] SYNCWORD BER: 0.0
/home/hark/Repos/gallant-input/gallant_input/synch/mueller_muller.py:71: ComplexWarning: Casting complex values to real discards the imaginary part
  return numpy.asarray(out, dtype=chunk.dtype)
[MM] mu=0.8150 omega=100.0760 (nominal=100.0000, clip=±0.50%) residual_len=0
[RX] DATA BER: 0.0

[RX] Received: Lorem ipsum dolor sit amet, ___?

[TX] Sending - Lorem ipsum dolor sit amet, ___?
/home/hark/Repos/gallant-input/gallant_input/synch/mueller_muller.py:71: ComplexWarning: Casting complex values to real discards the imaginary part
  return numpy.asarray(out, dtype=chunk.dtype)
[MM] mu=0.6238 omega=100.0713 (nominal=100.0000, clip=±0.50%) residual_len=0
[MM] mu=0.7820 omega=100.1221 (nominal=100.0000, clip=±0.50%) residual_len=0
[MM] mu=0.1474 omega=100.1741 (nominal=100.0000, clip=±0.50%) residual_len=0
[MM] mu=0.3421 omega=100.1803 (nominal=100.0000, clip=±0.50%) residual_len=2
[MM] mu=0.3910 omega=100.1875 (nominal=100.0000, clip=±0.50%) residual_len=0
[TX] Sending - Lorem ipsum dolor sit amet, ___?
[MM] mu=0.8088 omega=100.1811 (nominal=100.0000, clip=±0.50%) residual_len=0
[MM] mu=0.7518 omega=100.0515 (nominal=100.0000, clip=±0.50%) residual_len=6
[MM] mu=0.3836 omega=100.0403 (nominal=100.0000, clip=±0.50%) residual_len=0
[RX] SYNCWORD BER: 0.0
/home/hark/Repos/gallant-input/gallant_input/synch/mueller_muller.py:71: ComplexWarning: Casting complex values to real discards the imaginary part
  return numpy.asarray(out, dtype=chunk.dtype)
[MM] mu=0.0817 omega=99.9495 (nominal=100.0000, clip=±0.50%) residual_len=10
[RX] DATA BER: 0.0
[RX] Dropping failed checksum
/home/hark/Repos/gallant-input/gallant_input/synch/mueller_muller.py:71: ComplexWarning: Casting complex values to real discards the imaginary part
  return numpy.asarray(out, dtype=chunk.dtype)
[MM] mu=0.2185 omega=99.9341 (nominal=100.0000, clip=±0.50%) residual_len=0
[TX] Sending - Lorem ipsum dolor sit amet, ___?
[MM] mu=0.3267 omega=100.1098 (nominal=100.0000, clip=±0.50%) residual_len=0
[MM] mu=0.7188 omega=100.1136 (nominal=100.0000, clip=±0.50%) residual_len=0
[MM] mu=0.3527 omega=100.0020 (nominal=100.0000, clip=±0.50%) residual_len=9
[RX] SYNCWORD BER: 0.0
/home/hark/Repos/gallant-input/gallant_input/synch/mueller_muller.py:71: ComplexWarning: Casting complex values to real discards the imaginary part
  return numpy.asarray(out, dtype=chunk.dtype)
[MM] mu=0.2912 omega=99.9219 (nominal=100.0000, clip=±0.50%) residual_len=0
[RX] DATA BER: 0.0

[RX] Received: Lorem ipsum dolor sit amet, ___?

[TX] Sending - Lorem ipsum dolor sit amet, ___?
/home/hark/Repos/gallant-input/gallant_input/synch/mueller_muller.py:71: ComplexWarning: Casting complex values to real discards the imaginary part
  return numpy.asarray(out, dtype=chunk.dtype)
[MM] mu=0.4815 omega=99.7314 (nominal=100.0000, clip=±0.50%) residual_len=5
[MM] mu=0.3111 omega=99.5944 (nominal=100.0000, clip=±0.50%) residual_len=0
[MM] mu=0.3684 omega=99.7473 (nominal=100.0000, clip=±0.50%) residual_len=0
[MM] mu=0.0690 omega=99.7152 (nominal=100.0000, clip=±0.50%) residual_len=0
[RX] SYNCWORD BER: 0.0
/home/hark/Repos/gallant-input/gallant_input/synch/mueller_muller.py:71: ComplexWarning: Casting complex values to real discards the imaginary part
  return numpy.asarray(out, dtype=chunk.dtype)
[MM] mu=0.2057 omega=99.7210 (nominal=100.0000, clip=±0.50%) residual_len=0
[RX] DATA BER: 0.1953125
[RX] Dropping failed checksum
[TX] Sending - Lorem ipsum dolor sit amet, ___?
/home/hark/Repos/gallant-input/gallant_input/synch/mueller_muller.py:71: ComplexWarning: Casting complex values to real discards the imaginary part
  return numpy.asarray(out, dtype=chunk.dtype)
[MM] mu=0.8479 omega=99.6958 (nominal=100.0000, clip=±0.50%) residual_len=0
[MM] mu=0.7685 omega=99.8213 (nominal=100.0000, clip=±0.50%) residual_len=0
[MM] mu=0.3404 omega=99.8000 (nominal=100.0000, clip=±0.50%) residual_len=3
[MM] mu=0.4660 omega=99.7659 (nominal=100.0000, clip=±0.50%) residual_len=0
[MM] mu=0.6152 omega=99.8860 (nominal=100.0000, clip=±0.50%) residual_len=0
[TX] Sending - Lorem ipsum dolor sit amet, ___?
[MM] mu=0.9914 omega=100.0267 (nominal=100.0000, clip=±0.50%) residual_len=0
[MM] mu=0.6545 omega=99.9864 (nominal=100.0000, clip=±0.50%) residual_len=0
[MM] mu=0.1620 omega=99.9114 (nominal=100.0000, clip=±0.50%) residual_len=11
[RX] SYNCWORD BER: 0.0
/home/hark/Repos/gallant-input/gallant_input/synch/mueller_muller.py:71: ComplexWarning: Casting complex values to real discards the imaginary part
  return numpy.asarray(out, dtype=chunk.dtype)
[MM] mu=0.3956 omega=100.0874 (nominal=100.0000, clip=±0.50%) residual_len=0
[RX] DATA BER: 0.0
[RX] Dropping failed checksum
[TX] Sending - Lorem ipsum dolor sit amet, ___?
/home/hark/Repos/gallant-input/gallant_input/synch/mueller_muller.py:71: ComplexWarning: Casting complex values to real discards the imaginary part
  return numpy.asarray(out, dtype=chunk.dtype)
[MM] mu=0.3083 omega=100.1814 (nominal=100.0000, clip=±0.50%) residual_len=0
[MM] mu=0.2425 omega=100.2299 (nominal=100.0000, clip=±0.50%) residual_len=0
[MM] mu=0.9294 omega=100.3230 (nominal=100.0000, clip=±0.50%) residual_len=0
[MM] mu=0.0024 omega=100.3236 (nominal=100.0000, clip=±0.50%) residual_len=0
[RX] SYNCWORD BER: 0.15625
[RX] SYNCWORD BER: 0.65625
[RX] SYNCWORD BER: 0.46875
[RX] SYNCWORD BER: 0.5625
[RX] SYNCWORD BER: 0.5625
[RX] SYNCWORD BER: 0.4375
[RX] SYNCWORD BER: 0.625
/home/hark/Repos/gallant-input/gallant_input/synch/mueller_muller.py:71: ComplexWarning: Casting complex values to real discards the imaginary part
  return numpy.asarray(out, dtype=chunk.dtype)
[MM] mu=0.6087 omega=100.3363 (nominal=100.0000, clip=±0.50%) residual_len=0
[TX] Sending - Lorem ipsum dolor sit amet, ___?
[MM] mu=0.2075 omega=100.2648 (nominal=100.0000, clip=±0.50%) residual_len=0
[MM] mu=0.8031 omega=100.1357 (nominal=100.0000, clip=±0.50%) residual_len=0
[MM] mu=0.7674 omega=100.0557 (nominal=100.0000, clip=±0.50%) residual_len=0
[MM] mu=0.0621 omega=100.0401 (nominal=100.0000, clip=±0.50%) residual_len=0
[RX] SYNCWORD BER: 0.0
[RX] DATA BER: 0.0

[RX] Received: Lorem ipsum dolor sit amet, ___?

/home/hark/Repos/gallant-input/gallant_input/synch/mueller_muller.py:71: ComplexWarning: Casting complex values to real discards the imaginary part
  return numpy.asarray(out, dtype=chunk.dtype)
[MM] mu=0.7781 omega=100.1283 (nominal=100.0000, clip=±0.50%) residual_len=0
[TX] Sending - Lorem ipsum dolor sit amet, ___?
[MM] mu=0.5556 omega=99.8771 (nominal=100.0000, clip=±0.50%) residual_len=0
[MM] mu=0.3765 omega=99.9565 (nominal=100.0000, clip=±0.50%) residual_len=13
[MM] mu=0.6500 omega=99.9913 (nominal=100.0000, clip=±0.50%) residual_len=0
[RX] SYNCWORD BER: 0.0
/home/hark/Repos/gallant-input/gallant_input/synch/mueller_muller.py:71: ComplexWarning: Casting complex values to real discards the imaginary part
  return numpy.asarray(out, dtype=chunk.dtype)
[MM] mu=0.9805 omega=100.0017 (nominal=100.0000, clip=±0.50%) residual_len=0
[RX] DATA BER: 0.0

[RX] Received: Lorem ipsum dolor sit amet, ___?

/home/hark/Repos/gallant-input/gallant_input/synch/mueller_muller.py:71: ComplexWarning: Casting complex values to real discards the imaginary part
  return numpy.asarray(out, dtype=chunk.dtype)
[MM] mu=0.9442 omega=99.9043 (nominal=100.0000, clip=±0.50%) residual_len=0
[TX] Sending - Lorem ipsum dolor sit amet, ___?
[MM] mu=0.6542 omega=99.8080 (nominal=100.0000, clip=±0.50%) residual_len=0
[MM] mu=0.2677 omega=99.6871 (nominal=100.0000, clip=±0.50%) residual_len=0
[MM] mu=0.6998 omega=99.7227 (nominal=100.0000, clip=±0.50%) residual_len=0
[RX] SYNCWORD BER: 0.0
/home/hark/Repos/gallant-input/gallant_input/synch/mueller_muller.py:71: ComplexWarning: Casting complex values to real discards the imaginary part
  return numpy.asarray(out, dtype=chunk.dtype)
[MM] mu=0.3638 omega=99.8126 (nominal=100.0000, clip=±0.50%) residual_len=0
[RX] DATA BER: 0.23828125
[RX] Dropping failed checksum
[TX] Sending - Lorem ipsum dolor sit amet, ___?
/home/hark/Repos/gallant-input/gallant_input/synch/mueller_muller.py:71: ComplexWarning: Casting complex values to real discards the imaginary part
  return numpy.asarray(out, dtype=chunk.dtype)
[MM] mu=0.0255 omega=99.7322 (nominal=100.0000, clip=±0.50%) residual_len=0
[MM] mu=0.5735 omega=99.9013 (nominal=100.0000, clip=±0.50%) residual_len=0
[MM] mu=0.3304 omega=99.9916 (nominal=100.0000, clip=±0.50%) residual_len=0
[MM] mu=0.2308 omega=99.9865 (nominal=100.0000, clip=±0.50%) residual_len=0
[RX] SYNCWORD BER: 0.0
/home/hark/Repos/gallant-input/gallant_input/synch/mueller_muller.py:71: ComplexWarning: Casting complex values to real discards the imaginary part
  return numpy.asarray(out, dtype=chunk.dtype)
[MM] mu=0.8708 omega=100.1476 (nominal=100.0000, clip=±0.50%) residual_len=0
[RX] DATA BER: 0.0

[RX] Received: Lorem ipsum dolor sit amet, ___?

[TX] Sending - Lorem ipsum dolor sit amet, ___?
/home/hark/Repos/gallant-input/gallant_input/synch/mueller_muller.py:71: ComplexWarning: Casting complex values to real discards the imaginary part
  return numpy.asarray(out, dtype=chunk.dtype)
[MM] mu=0.3625 omega=100.1494 (nominal=100.0000, clip=±0.50%) residual_len=0
[MM] mu=0.9741 omega=100.2214 (nominal=100.0000, clip=±0.50%) residual_len=0
[MM] mu=0.5133 omega=100.3721 (nominal=100.0000, clip=±0.50%) residual_len=0
[MM] mu=0.0185 omega=100.2982 (nominal=100.0000, clip=±0.50%) residual_len=0
[MM] mu=0.6294 omega=100.2033 (nominal=100.0000, clip=±0.50%) residual_len=0
[TX] Sending - Lorem ipsum dolor sit amet, ___?
[MM] mu=0.6772 omega=100.0957 (nominal=100.0000, clip=±0.50%) residual_len=0
[MM] mu=0.0750 omega=100.1592 (nominal=100.0000, clip=±0.50%) residual_len=10
[MM] mu=0.8620 omega=100.2000 (nominal=100.0000, clip=±0.50%) residual_len=0
[MM] mu=0.0690 omega=100.2441 (nominal=100.0000, clip=±0.50%) residual_len=0
[TX] Sending - Lorem ipsum dolor sit amet, ___?
[MM] mu=0.6514 omega=100.4086 (nominal=100.0000, clip=±0.50%) residual_len=6
[MM] mu=0.6866 omega=100.3037 (nominal=100.0000, clip=±0.50%) residual_len=0
[MM] mu=0.3407 omega=100.3634 (nominal=100.0000, clip=±0.50%) residual_len=0
[MM] mu=0.5613 omega=100.3116 (nominal=100.0000, clip=±0.50%) residual_len=0
[RX] SYNCWORD BER: 0.59375
/home/hark/Repos/gallant-input/gallant_input/synch/mueller_muller.py:71: ComplexWarning: Casting complex values to real discards the imaginary part
  return numpy.asarray(out, dtype=chunk.dtype)
[MM] mu=0.9140 omega=100.1167 (nominal=100.0000, clip=±0.50%) residual_len=0
[TX] Sending - Lorem ipsum dolor sit amet, ___?
[MM] mu=0.1771 omega=100.1113 (nominal=100.0000, clip=±0.50%) residual_len=0
[MM] mu=0.6634 omega=100.1068 (nominal=100.0000, clip=±0.50%) residual_len=0
[MM] mu=0.2521 omega=99.9588 (nominal=100.0000, clip=±0.50%) residual_len=0
[MM] mu=0.0118 omega=100.0254 (nominal=100.0000, clip=±0.50%) residual_len=0
[RX] SYNCWORD BER: 0.0
[RX] DATA BER: 0.0

[RX] Received: Lorem ipsum dolor sit amet, ___?

/home/hark/Repos/gallant-input/gallant_input/synch/mueller_muller.py:71: ComplexWarning: Casting complex values to real discards the imaginary part
  return numpy.asarray(out, dtype=chunk.dtype)
[MM] mu=0.4845 omega=100.0075 (nominal=100.0000, clip=±0.50%) residual_len=0
[TX] Sending - Lorem ipsum dolor sit amet, ___?
[MM] mu=0.9704 omega=99.9842 (nominal=100.0000, clip=±0.50%) residual_len=0
[MM] mu=0.0443 omega=100.2303 (nominal=100.0000, clip=±0.50%) residual_len=0
[MM] mu=0.6329 omega=100.0536 (nominal=100.0000, clip=±0.50%) residual_len=0
[RX] SYNCWORD BER: 0.0
/home/hark/Repos/gallant-input/gallant_input/synch/mueller_muller.py:71: ComplexWarning: Casting complex values to real discards the imaginary part
  return numpy.asarray(out, dtype=chunk.dtype)
[MM] mu=0.1622 omega=99.9577 (nominal=100.0000, clip=±0.50%) residual_len=7
[RX] DATA BER: 0.0

[RX] Received: Lorem ipsum dolor sit amet, ___?

[TX] Sending - Lorem ipsum dolor sit amet, ___?/home/hark/Repos/gallant-input/gallant_input/synch/mueller_muller.py:71: ComplexWarning: Casting complex values to real discards the imaginary part
  return numpy.asarray(out, dtype=chunk.dtype)

[MM] mu=0.7367 omega=99.8779 (nominal=100.0000, clip=±0.50%) residual_len=0
[MM] mu=0.3109 omega=100.0068 (nominal=100.0000, clip=±0.50%) residual_len=0
[MM] mu=0.1396 omega=99.9909 (nominal=100.0000, clip=±0.50%) residual_len=0
[MM] mu=0.4750 omega=99.9774 (nominal=100.0000, clip=±0.50%) residual_len=0
[RX] SYNCWORD BER: 0.0
/home/hark/Repos/gallant-input/gallant_input/synch/mueller_muller.py:71: ComplexWarning: Casting complex values to real discards the imaginary part
  return numpy.asarray(out, dtype=chunk.dtype)
[MM] mu=0.9699 omega=100.0041 (nominal=100.0000, clip=±0.50%) residual_len=0
[RX] DATA BER: 0.0
[RX] Dropping failed checksum
[TX] Sending - Lorem ipsum dolor sit amet, ___?
/home/hark/Repos/gallant-input/gallant_input/synch/mueller_muller.py:71: ComplexWarning: Casting complex values to real discards the imaginary part
  return numpy.asarray(out, dtype=chunk.dtype)
[MM] mu=0.0348 omega=100.0277 (nominal=100.0000, clip=±0.50%) residual_len=0
[MM] mu=0.9581 omega=99.8517 (nominal=100.0000, clip=±0.50%) residual_len=0
[MM] mu=0.7825 omega=100.2658 (nominal=100.0000, clip=±0.50%) residual_len=0
[MM] mu=0.9935 omega=100.1209 (nominal=100.0000, clip=±0.50%) residual_len=0
[MM] mu=0.9069 omega=100.0909 (nominal=100.0000, clip=±0.50%) residual_len=0
[TX] Sending - Lorem ipsum dolor sit amet, ___?
[MM] mu=0.0203 omega=99.8153 (nominal=100.0000, clip=±0.50%) residual_len=0
[MM] mu=0.0816 omega=99.9608 (nominal=100.0000, clip=±0.50%) residual_len=0
[MM] mu=0.2526 omega=99.9536 (nominal=100.0000, clip=±0.50%) residual_len=0
[RX] SYNCWORD BER: 0.0
/home/hark/Repos/gallant-input/gallant_input/synch/mueller_muller.py:71: ComplexWarning: Casting complex values to real discards the imaginary part
  return numpy.asarray(out, dtype=chunk.dtype)
[MM] mu=0.0637 omega=100.0472 (nominal=100.0000, clip=±0.50%) residual_len=7
[RX] DATA BER: 0.0
[RX] Dropping failed checksum
/home/hark/Repos/gallant-input/gallant_input/synch/mueller_muller.py:71: ComplexWarning: Casting complex values to real discards the imaginary part
  return numpy.asarray(out, dtype=chunk.dtype)
[MM] mu=0.9215 omega=100.0156 (nominal=100.0000, clip=±0.50%) residual_len=0
[TX] Sending - Lorem ipsum dolor sit amet, ___?
[MM] mu=0.1826 omega=100.1440 (nominal=100.0000, clip=±0.50%) residual_len=15
[MM] mu=0.1713 omega=100.0473 (nominal=100.0000, clip=±0.50%) residual_len=0
[MM] mu=0.5074 omega=100.0377 (nominal=100.0000, clip=±0.50%) residual_len=0
[RX] SYNCWORD BER: 0.0
/home/hark/Repos/gallant-input/gallant_input/synch/mueller_muller.py:71: ComplexWarning: Casting complex values to real discards the imaginary part
  return numpy.asarray(out, dtype=chunk.dtype)
[MM] mu=0.4947 omega=100.0437 (nominal=100.0000, clip=±0.50%) residual_len=0
[RX] DATA BER: 0.0

[RX] Received: Lorem ipsum dolor sit amet, ___?

[TX] Sending - Lorem ipsum dolor sit amet, ___?
/home/hark/Repos/gallant-input/gallant_input/synch/mueller_muller.py:71: ComplexWarning: Casting complex values to real discards the imaginary part
  return numpy.asarray(out, dtype=chunk.dtype)
[MM] mu=0.9210 omega=100.1097 (nominal=100.0000, clip=±0.50%) residual_len=0
[MM] mu=0.4446 omega=100.1622 (nominal=100.0000, clip=±0.50%) residual_len=0
[MM] mu=0.0710 omega=100.1754 (nominal=100.0000, clip=±0.50%) residual_len=0
[MM] mu=0.9898 omega=100.1431 (nominal=100.0000, clip=±0.50%) residual_len=0
[RX] SYNCWORD BER: 0.25
[RX] SYNCWORD BER: 0.6875
[RX] SYNCWORD BER: 0.46875
[RX] SYNCWORD BER: 0.5
/home/hark/Repos/gallant-input/gallant_input/synch/mueller_muller.py:71: ComplexWarning: Casting complex values to real discards the imaginary part
  return numpy.asarray(out, dtype=chunk.dtype)
[MM] mu=0.4466 omega=100.1848 (nominal=100.0000, clip=±0.50%) residual_len=0
[TX] Sending - Lorem ipsum dolor sit amet, ___?
[MM] mu=0.0453 omega=100.1640 (nominal=100.0000, clip=±0.50%) residual_len=0
[MM] mu=0.7692 omega=100.3097 (nominal=100.0000, clip=±0.50%) residual_len=0
[MM] mu=0.2911 omega=100.3719 (nominal=100.0000, clip=±0.50%) residual_len=0
[MM] mu=0.4634 omega=100.3134 (nominal=100.0000, clip=±0.50%) residual_len=0
[RX] SYNCWORD BER: 0.5
[RX] SYNCWORD BER: 0.0
[RX] DATA BER: 0.21484375
[RX] Dropping failed checksum
/home/hark/Repos/gallant-input/gallant_input/synch/mueller_muller.py:71: ComplexWarning: Casting complex values to real discards the imaginary part
  return numpy.asarray(out, dtype=chunk.dtype)
[MM] mu=0.3529 omega=100.3777 (nominal=100.0000, clip=±0.50%) residual_len=0
[TX] Sending - Lorem ipsum dolor sit amet, ___?
[MM] mu=0.4976 omega=100.2890 (nominal=100.0000, clip=±0.50%) residual_len=0
[MM] mu=0.5535 omega=100.1684 (nominal=100.0000, clip=±0.50%) residual_len=0
[MM] mu=0.3729 omega=100.1841 (nominal=100.0000, clip=±0.50%) residual_len=0
[MM] mu=0.4017 omega=100.1650 (nominal=100.0000, clip=±0.50%) residual_len=0
[TX] Sending - Lorem ipsum dolor sit amet, ___?
[MM] mu=0.6436 omega=100.2494 (nominal=100.0000, clip=±0.50%) residual_len=0
[MM] mu=0.7566 omega=100.4876 (nominal=100.0000, clip=±0.50%) residual_len=0
[MM] mu=0.9640 omega=100.4916 (nominal=100.0000, clip=±0.50%) residual_len=0
[MM] mu=0.2149 omega=100.4731 (nominal=100.0000, clip=±0.50%) residual_len=14
[MM] mu=0.5137 omega=100.4622 (nominal=100.0000, clip=±0.50%) residual_len=0
[TX] Sending - Lorem ipsum dolor sit amet, ___?
[MM] mu=0.5313 omega=100.4370 (nominal=100.0000, clip=±0.50%) residual_len=0
[MM] mu=0.0014 omega=100.4154 (nominal=100.0000, clip=±0.50%) residual_len=0
[MM] mu=0.9638 omega=100.4474 (nominal=100.0000, clip=±0.50%) residual_len=0
[MM] mu=0.8814 omega=100.3204 (nominal=100.0000, clip=±0.50%) residual_len=0
[MM] mu=0.2519 omega=100.1884 (nominal=100.0000, clip=±0.50%) residual_len=0
[TX] Sending - Lorem ipsum dolor sit amet, ___?
[MM] mu=0.5960 omega=100.1710 (nominal=100.0000, clip=±0.50%) residual_len=0
[MM] mu=0.1547 omega=100.1251 (nominal=100.0000, clip=±0.50%) residual_len=0
[MM] mu=0.2157 omega=100.2450 (nominal=100.0000, clip=±0.50%) residual_len=0
[RX] SYNCWORD BER: 0.0
/home/hark/Repos/gallant-input/gallant_input/synch/mueller_muller.py:71: ComplexWarning: Casting complex values to real discards the imaginary part
  return numpy.asarray(out, dtype=chunk.dtype)
[MM] mu=0.8725 omega=100.1576 (nominal=100.0000, clip=±0.50%) residual_len=0
[RX] DATA BER: 0.0
[RX] Dropping failed checksum
/home/hark/Repos/gallant-input/gallant_input/synch/mueller_muller.py:71: ComplexWarning: Casting complex values to real discards the imaginary part
  return numpy.asarray(out, dtype=chunk.dtype)
[MM] mu=0.7112 omega=100.0330 (nominal=100.0000, clip=±0.50%) residual_len=0
[TX] Sending - Lorem ipsum dolor sit amet, ___?
[MM] mu=0.1771 omega=100.1141 (nominal=100.0000, clip=±0.50%) residual_len=9
[MM] mu=0.2342 omega=100.4027 (nominal=100.0000, clip=±0.50%) residual_len=0
[MM] mu=0.2877 omega=100.4086 (nominal=100.0000, clip=±0.50%) residual_len=0
[MM] mu=0.2159 omega=100.5000 (nominal=100.0000, clip=±0.50%) residual_len=0
[TX] Sending - Lorem ipsum dolor sit amet, ___?
[MM] mu=0.0060 omega=100.3858 (nominal=100.0000, clip=±0.50%) residual_len=0
[MM] mu=0.8578 omega=100.2973 (nominal=100.0000, clip=±0.50%) residual_len=0
[MM] mu=0.2656 omega=100.1590 (nominal=100.0000, clip=±0.50%) residual_len=0
[MM] mu=0.8169 omega=100.0556 (nominal=100.0000, clip=±0.50%) residual_len=0
[RX] SYNCWORD BER: 0.0
/home/hark/Repos/gallant-input/gallant_input/synch/mueller_muller.py:71: ComplexWarning: Casting complex values to real discards the imaginary part
  return numpy.asarray(out, dtype=chunk.dtype)
[MM] mu=0.2159 omega=100.2427 (nominal=100.0000, clip=±0.50%) residual_len=0
[RX] DATA BER: 0.0
[RX] Dropping failed checksum
[TX] Sending - Lorem ipsum dolor sit amet, ___?
/home/hark/Repos/gallant-input/gallant_input/synch/mueller_muller.py:71: ComplexWarning: Casting complex values to real discards the imaginary part
  return numpy.asarray(out, dtype=chunk.dtype)
[MM] mu=0.6305 omega=100.4456 (nominal=100.0000, clip=±0.50%) residual_len=6
[MM] mu=0.0908 omega=100.4279 (nominal=100.0000, clip=±0.50%) residual_len=0
[MM] mu=0.2014 omega=100.4603 (nominal=100.0000, clip=±0.50%) residual_len=0
[MM] mu=0.9049 omega=100.4073 (nominal=100.0000, clip=±0.50%) residual_len=0
[MM] mu=0.5707 omega=100.4738 (nominal=100.0000, clip=±0.50%) residual_len=0
[TX] Sending - Lorem ipsum dolor sit amet, ___?
[MM] mu=0.9317 omega=100.2590 (nominal=100.0000, clip=±0.50%) residual_len=0
[MM] mu=0.5773 omega=100.1198 (nominal=100.0000, clip=±0.50%) residual_len=0
[MM] mu=0.8334 omega=100.0679 (nominal=100.0000, clip=±0.50%) residual_len=0
[RX] SYNCWORD BER: 0.0
/home/hark/Repos/gallant-input/gallant_input/synch/mueller_muller.py:71: ComplexWarning: Casting complex values to real discards the imaginary part
  return numpy.asarray(out, dtype=chunk.dtype)
[MM] mu=0.6594 omega=99.9243 (nominal=100.0000, clip=±0.50%) residual_len=0
[RX] DATA BER: 0.0
[RX] Dropping failed checksum
[TX] Sending - Lorem ipsum dolor sit amet, ___?
/home/hark/Repos/gallant-input/gallant_input/synch/mueller_muller.py:71: ComplexWarning: Casting complex values to real discards the imaginary part
  return numpy.asarray(out, dtype=chunk.dtype)
[MM] mu=0.2080 omega=99.8970 (nominal=100.0000, clip=±0.50%) residual_len=0
[MM] mu=0.5934 omega=99.9708 (nominal=100.0000, clip=±0.50%) residual_len=0
[MM] mu=0.2821 omega=99.9378 (nominal=100.0000, clip=±0.50%) residual_len=0
[MM] mu=0.3815 omega=99.9863 (nominal=100.0000, clip=±0.50%) residual_len=0
[RX] SYNCWORD BER: 0.0
/home/hark/Repos/gallant-input/gallant_input/synch/mueller_muller.py:71: ComplexWarning: Casting complex values to real discards the imaginary part
  return numpy.asarray(out, dtype=chunk.dtype)
[MM] mu=0.0303 omega=99.8974 (nominal=100.0000, clip=±0.50%) residual_len=0
[RX] DATA BER: 0.0
[RX] Dropping failed checksum
[TX] Sending - Lorem ipsum dolor sit amet, ___?
/home/hark/Repos/gallant-input/gallant_input/synch/mueller_muller.py:71: ComplexWarning: Casting complex values to real discards the imaginary part
  return numpy.asarray(out, dtype=chunk.dtype)
[MM] mu=0.8523 omega=99.9237 (nominal=100.0000, clip=±0.50%) residual_len=0
[MM] mu=0.0284 omega=100.1847 (nominal=100.0000, clip=±0.50%) residual_len=11
[MM] mu=0.9494 omega=100.0383 (nominal=100.0000, clip=±0.50%) residual_len=0
[MM] mu=0.0848 omega=99.9589 (nominal=100.0000, clip=±0.50%) residual_len=0
[RX] SYNCWORD BER: 0.0
[RX] DATA BER: 0.0

[RX] Received: Lorem ipsum dolor sit amet, ___?

/home/hark/Repos/gallant-input/gallant_input/synch/mueller_muller.py:71: ComplexWarning: Casting complex values to real discards the imaginary part
  return numpy.asarray(out, dtype=chunk.dtype)
[MM] mu=0.0338 omega=99.9033 (nominal=100.0000, clip=±0.50%) residual_len=0
[TX] Sending - Lorem ipsum dolor sit amet, ___?
[MM] mu=0.7373 omega=99.9564 (nominal=100.0000, clip=±0.50%) residual_len=0
[MM] mu=0.1952 omega=99.9534 (nominal=100.0000, clip=±0.50%) residual_len=0
[MM] mu=0.5050 omega=99.9402 (nominal=100.0000, clip=±0.50%) residual_len=0
[RX] SYNCWORD BER: 0.5625
[RX] SYNCWORD BER: 0.0
/home/hark/Repos/gallant-input/gallant_input/synch/mueller_muller.py:71: ComplexWarning: Casting complex values to real discards the imaginary part
  return numpy.asarray(out, dtype=chunk.dtype)
[MM] mu=0.0885 omega=99.9216 (nominal=100.0000, clip=±0.50%) residual_len=15
[RX] DATA BER: 0.0
[RX] Dropping failed checksum
[TX] Sending - Lorem ipsum dolor sit amet, ___?
/home/hark/Repos/gallant-input/gallant_input/synch/mueller_muller.py:71: ComplexWarning: Casting complex values to real discards the imaginary part
  return numpy.asarray(out, dtype=chunk.dtype)
[MM] mu=0.1942 omega=99.8235 (nominal=100.0000, clip=±0.50%) residual_len=0
[MM] mu=0.5615 omega=99.8557 (nominal=100.0000, clip=±0.50%) residual_len=0
[MM] mu=0.1757 omega=99.7908 (nominal=100.0000, clip=±0.50%) residual_len=0
[MM] mu=0.4797 omega=99.6958 (nominal=100.0000, clip=±0.50%) residual_len=0
[MM] mu=0.9996 omega=99.5875 (nominal=100.0000, clip=±0.50%) residual_len=0
[TX] Sending - Lorem ipsum dolor sit amet, ___?
[MM] mu=0.2669 omega=99.8772 (nominal=100.0000, clip=±0.50%) residual_len=0
[MM] mu=0.5203 omega=100.0114 (nominal=100.0000, clip=±0.50%) residual_len=0
[MM] mu=0.8863 omega=99.8672 (nominal=100.0000, clip=±0.50%) residual_len=0
[MM] mu=0.6242 omega=99.8614 (nominal=100.0000, clip=±0.50%) residual_len=4
[RX] SYNCWORD BER: 0.0
/home/hark/Repos/gallant-input/gallant_input/synch/mueller_muller.py:71: ComplexWarning: Casting complex values to real discards the imaginary part
  return numpy.asarray(out, dtype=chunk.dtype)
[MM] mu=0.8701 omega=99.8246 (nominal=100.0000, clip=±0.50%) residual_len=0
[RX] DATA BER: 0.0
[RX] Dropping failed checksum
[TX] Sending - Lorem ipsum dolor sit amet, ___?
/home/hark/Repos/gallant-input/gallant_input/synch/mueller_muller.py:71: ComplexWarning: Casting complex values to real discards the imaginary part
  return numpy.asarray(out, dtype=chunk.dtype)
[MM] mu=0.4489 omega=99.8182 (nominal=100.0000, clip=±0.50%) residual_len=0
[MM] mu=0.4430 omega=99.7573 (nominal=100.0000, clip=±0.50%) residual_len=0
[MM] mu=0.4522 omega=99.8605 (nominal=100.0000, clip=±0.50%) residual_len=0
[RX] SYNCWORD BER: 0.0
/home/hark/Repos/gallant-input/gallant_input/synch/mueller_muller.py:71: ComplexWarning: Casting complex values to real discards the imaginary part
  return numpy.asarray(out, dtype=chunk.dtype)
[MM] mu=0.3231 omega=99.7960 (nominal=100.0000, clip=±0.50%) residual_len=0
[RX] DATA BER: 0.0234375
[RX] Dropping failed checksum
/home/hark/Repos/gallant-input/gallant_input/synch/mueller_muller.py:71: ComplexWarning: Casting complex values to real discards the imaginary part
  return numpy.asarray(out, dtype=chunk.dtype)
[MM] mu=0.9974 omega=99.6899 (nominal=100.0000, clip=±0.50%) residual_len=0
[TX] Sending - Lorem ipsum dolor sit amet, ___?
[MM] mu=0.1426 omega=99.5418 (nominal=100.0000, clip=±0.50%) residual_len=8
[MM] mu=0.1596 omega=99.5258 (nominal=100.0000, clip=±0.50%) residual_len=0
[MM] mu=0.0876 omega=99.5438 (nominal=100.0000, clip=±0.50%) residual_len=0
[RX] SYNCWORD BER: 0.0
/home/hark/Repos/gallant-input/gallant_input/synch/mueller_muller.py:71: ComplexWarning: Casting complex values to real discards the imaginary part
  return numpy.asarray(out, dtype=chunk.dtype)
[MM] mu=0.5754 omega=99.5479 (nominal=100.0000, clip=±0.50%) residual_len=0
[RX] DATA BER: 0.30078125
[RX] Dropping failed checksum
[TX] Sending - Lorem ipsum dolor sit amet, ___?
/home/hark/Repos/gallant-input/gallant_input/synch/mueller_muller.py:71: ComplexWarning: Casting complex values to real discards the imaginary part
  return numpy.asarray(out, dtype=chunk.dtype)
[MM] mu=0.3844 omega=99.5144 (nominal=100.0000, clip=±0.50%) residual_len=0
[MM] mu=0.6076 omega=99.5109 (nominal=100.0000, clip=±0.50%) residual_len=0
[MM] mu=0.5614 omega=99.5734 (nominal=100.0000, clip=±0.50%) residual_len=0
[MM] mu=0.4159 omega=99.5000 (nominal=100.0000, clip=±0.50%) residual_len=0
[RX] SYNCWORD BER: 0.34375
[RX] SYNCWORD BER: 0.40625
[RX] SYNCWORD BER: 0.40625
[RX] SYNCWORD BER: 0.5625
[RX] SYNCWORD BER: 0.5
[RX] SYNCWORD BER: 0.5
/home/hark/Repos/gallant-input/gallant_input/synch/mueller_muller.py:71: ComplexWarning: Casting complex values to real discards the imaginary part
  return numpy.asarray(out, dtype=chunk.dtype)
[MM] mu=0.9489 omega=99.5044 (nominal=100.0000, clip=±0.50%) residual_len=3
[TX] Sending - Lorem ipsum dolor sit amet, ___?
[MM] mu=0.8535 omega=99.5683 (nominal=100.0000, clip=±0.50%) residual_len=0
[MM] mu=0.1463 omega=99.6258 (nominal=100.0000, clip=±0.50%) residual_len=0
[MM] mu=0.7035 omega=99.5809 (nominal=100.0000, clip=±0.50%) residual_len=0
[MM] mu=0.3832 omega=99.5888 (nominal=100.0000, clip=±0.50%) residual_len=0
[MM] mu=0.0135 omega=99.5595 (nominal=100.0000, clip=±0.50%) residual_len=13
[TX] Sending - Lorem ipsum dolor sit amet, ___?
[MM] mu=0.7887 omega=99.5415 (nominal=100.0000, clip=±0.50%) residual_len=0
[MM] mu=0.3306 omega=99.5478 (nominal=100.0000, clip=±0.50%) residual_len=0
[MM] mu=0.5347 omega=99.5041 (nominal=100.0000, clip=±0.50%) residual_len=5
[MM] mu=0.4592 omega=99.5053 (nominal=100.0000, clip=±0.50%) residual_len=9
[TX] Sending - Lorem ipsum dolor sit amet, ___?
[MM] mu=0.2975 omega=99.5822 (nominal=100.0000, clip=±0.50%) residual_len=5
[MM] mu=0.6489 omega=99.6690 (nominal=100.0000, clip=±0.50%) residual_len=0
[MM] mu=0.6885 omega=99.7224 (nominal=100.0000, clip=±0.50%) residual_len=0
[MM] mu=0.3949 omega=99.7501 (nominal=100.0000, clip=±0.50%) residual_len=0
[RX] SYNCWORD BER: 0.0
/home/hark/Repos/gallant-input/gallant_input/synch/mueller_muller.py:71: ComplexWarning: Casting complex values to real discards the imaginary part
  return numpy.asarray(out, dtype=chunk.dtype)
[MM] mu=0.4049 omega=99.5007 (nominal=100.0000, clip=±0.50%) residual_len=12
[RX] DATA BER: 0.16015625
[RX] Dropping failed checksum
[TX] Sending - Lorem ipsum dolor sit amet, ___?
/home/hark/Repos/gallant-input/gallant_input/synch/mueller_muller.py:71: ComplexWarning: Casting complex values to real discards the imaginary part
  return numpy.asarray(out, dtype=chunk.dtype)
[MM] mu=0.4729 omega=99.5428 (nominal=100.0000, clip=±0.50%) residual_len=0
[MM] mu=0.7783 omega=99.5469 (nominal=100.0000, clip=±0.50%) residual_len=0
[MM] mu=0.0826 omega=99.5347 (nominal=100.0000, clip=±0.50%) residual_len=0
[MM] mu=0.9964 omega=99.5059 (nominal=100.0000, clip=±0.50%) residual_len=0
[RX] SYNCWORD BER: 0.0
[RX] DATA BER: 0.29296875
[RX] Dropping failed checksum
/home/hark/Repos/gallant-input/gallant_input/synch/mueller_muller.py:71: ComplexWarning: Casting complex values to real discards the imaginary part
  return numpy.asarray(out, dtype=chunk.dtype)
[MM] mu=0.3242 omega=99.7085 (nominal=100.0000, clip=±0.50%) residual_len=0

